path,x_min,y_min,x_max,y_max,label,predicted
../new_dataset/test/rgb/test/33880.png,1143.75,192.875,1161.375,245.875,Red,red
../new_dataset/test/rgb/test/33880.png,691.625,333.0,695.5,345.125,Green,not_detected
../new_dataset/test/rgb/test/33880.png,448.0,338.375,452.5,350.0,Green,not_detected
../new_dataset/test/rgb/test/39416.png,1081.25,161.75,1101.0,214.875,Green,green
../new_dataset/test/rgb/test/39416.png,539.75,337.75,547.5,352.25,Red,red
../new_dataset/test/rgb/test/39416.png,402.125,348.625,407.125,361.375,Red,not_detected
../new_dataset/test/rgb/test/37586.png,44.875,222.0,57.5,260.875,Red,red
../new_dataset/test/rgb/test/37586.png,967.0,201.625,982.625,240.75,Red,red
../new_dataset/test/rgb/test/27168.png,801.75,114.5,826.5,184.5,Green,not_detected
../new_dataset/test/rgb/test/27168.png,242.25,345.0,245.75,357.125,Green,not_detected
../new_dataset/test/rgb/test/38016.png,1078.875,179.125,1098.125,229.875,Green,green
../new_dataset/test/rgb/test/38016.png,662.625,341.0,666.75,353.375,off,not_detected
../new_dataset/test/rgb/test/33966.png,1148.875,196.0,1167.0,251.625,Green,green
../new_dataset/test/rgb/test/33966.png,690.75,340.375,695.5,351.125,Green,not_detected
../new_dataset/test/rgb/test/33966.png,446.375,344.75,451.125,356.25,Green,not_detected
../new_dataset/test/rgb/test/37468.png,44.875,222.0,57.5,260.875,Red,red
../new_dataset/test/rgb/test/37468.png,967.0,201.625,982.625,240.75,Red,red
../new_dataset/test/rgb/test/36620.png,1056.25,154.625,1074.75,206.25,Green,green
../new_dataset/test/rgb/test/36620.png,490.375,332.625,494.875,344.5,Green,not_detected
../new_dataset/test/rgb/test/37302.png,45.25,220.875,59.75,259.125,Red,red
../new_dataset/test/rgb/test/37302.png,967.0,201.625,982.625,240.75,Red,red
../new_dataset/test/rgb/test/26580.png,1058.75,170.0,1078.875,222.375,Green,green
../new_dataset/test/rgb/test/26580.png,364.0,362.75,366.75,372.125,off,not_detected
../new_dataset/test/rgb/test/40444.png,183.0,1.0,216.0,53.0,Green,not_detected
../new_dataset/test/rgb/test/29808.png,1132.125,158.5,1153.75,213.0,Green,green
../new_dataset/test/rgb/test/37708.png,44.875,222.0,57.5,260.875,Red,red
../new_dataset/test/rgb/test/37708.png,967.0,201.625,982.625,240.75,Red,red
../new_dataset/test/rgb/test/39852.png,122.625,278.5,131.0,302.75,Red,not_detected
../new_dataset/test/rgb/test/39852.png,533.625,264.875,552.875,303.125,Red,red
../new_dataset/test/rgb/test/39852.png,893.0,253.375,902.125,283.0,Red,not_detected
../new_dataset/test/rgb/test/33174.png,1143.75,192.875,1161.375,245.875,Red,red
../new_dataset/test/rgb/test/33174.png,447.75,337.5,452.5,348.875,Red,not_detected
../new_dataset/test/rgb/test/27600.png,96.5,246.625,107.5,282.375,Green,green
../new_dataset/test/rgb/test/27600.png,906.5,233.25,922.0,268.875,Green,green
../new_dataset/test/rgb/test/37332.png,44.875,222.0,57.5,260.875,Red,red
../new_dataset/test/rgb/test/37332.png,967.0,201.625,982.625,240.75,Red,red
../new_dataset/test/rgb/test/34430.png,1169.375,119.375,1189.25,181.25,Green,green
../new_dataset/test/rgb/test/34430.png,505.375,337.0,510.375,348.625,Red,not_detected
../new_dataset/test/rgb/test/36586.png,9.125,241.0,26.5,281.75,Green,not_detected
../new_dataset/test/rgb/test/36586.png,986.625,187.5,1002.25,230.0,Green,green
../new_dataset/test/rgb/test/36586.png,488.375,336.25,492.5,346.875,Green,not_detected
../new_dataset/test/rgb/test/33532.png,1143.75,192.875,1161.375,245.875,Red,red
../new_dataset/test/rgb/test/33532.png,691.625,333.0,695.5,345.125,Green,not_detected
../new_dataset/test/rgb/test/33532.png,448.0,338.375,452.5,350.0,Green,not_detected
../new_dataset/test/rgb/test/27172.png,813.875,111.5,838.875,181.375,Green,not_detected
../new_dataset/test/rgb/test/27172.png,250.375,346.125,254.25,358.5,Green,not_detected
../new_dataset/test/rgb/test/32962.png,487.375,334.0,492.125,347.375,Red,not_detected
../new_dataset/test/rgb/test/32962.png,979.5,249.5,991.125,284.375,Green,green
../new_dataset/test/rgb/test/32962.png,170.0,260.125,185.0,293.375,Green,green
../new_dataset/test/rgb/test/33920.png,1143.75,192.875,1161.375,245.875,Green,green
../new_dataset/test/rgb/test/33920.png,691.625,333.0,695.5,345.125,Green,not_detected
../new_dataset/test/rgb/test/33920.png,448.0,338.375,452.5,350.0,Green,not_detected
../new_dataset/test/rgb/test/27590.png,129.5,259.75,140.25,293.375,Green,not_detected
../new_dataset/test/rgb/test/27590.png,892.0,245.375,907.125,279.5,Green,green
../new_dataset/test/rgb/test/33490.png,1143.75,192.875,1161.375,245.875,Red,red
../new_dataset/test/rgb/test/33490.png,448.0,338.375,452.5,350.0,Green,not_detected
../new_dataset/test/rgb/test/37654.png,44.875,222.0,57.5,260.875,Red,red
../new_dataset/test/rgb/test/37654.png,967.0,201.625,982.625,240.75,Red,red
../new_dataset/test/rgb/test/33662.png,1143.75,192.875,1161.375,245.875,Red,red
../new_dataset/test/rgb/test/33662.png,691.625,333.0,695.5,345.125,Green,not_detected
../new_dataset/test/rgb/test/33424.png,1143.75,192.875,1161.375,245.875,Red,red
../new_dataset/test/rgb/test/33424.png,691.625,333.0,695.5,345.125,Green,not_detected
../new_dataset/test/rgb/test/33424.png,448.0,338.375,452.5,350.0,Green,not_detected
../new_dataset/test/rgb/test/27116.png,763.5,164.25,783.25,218.375,Green,green
../new_dataset/test/rgb/test/27116.png,250.625,340.75,254.875,352.0,Green,not_detected
../new_dataset/test/rgb/test/37164.png,111.0,249.75,126.75,283.5,Red,red
../new_dataset/test/rgb/test/37164.png,942.5,236.25,953.375,270.875,Red,not_detected
../new_dataset/test/rgb/test/37440.png,44.875,222.0,57.5,260.875,Red,red
../new_dataset/test/rgb/test/37440.png,967.0,201.625,982.625,240.75,Red,red
../new_dataset/test/rgb/test/27632.png,973.375,185.125,989.125,229.125,Green,green
../new_dataset/test/rgb/test/27632.png,431.25,312.0,438.0,326.0,Red,not_detected
../new_dataset/test/rgb/test/34400.png,1014.625,165.875,1030.75,210.75,Green,green
../new_dataset/test/rgb/test/34400.png,492.875,327.875,497.375,337.875,Red,not_detected
../new_dataset/test/rgb/test/33406.png,1143.75,192.875,1161.375,245.875,Red,red
../new_dataset/test/rgb/test/33406.png,691.625,333.0,695.5,345.125,Green,not_detected
../new_dataset/test/rgb/test/33078.png,449.375,329.625,454.5,343.375,Red,not_detected
../new_dataset/test/rgb/test/33078.png,1129.25,189.875,1148.25,243.375,Yellow,yellow
../new_dataset/test/rgb/test/27210.png,1096.0,45.0,1135.0,133.0,Green,green
../new_dataset/test/rgb/test/27210.png,434.875,347.25,439.375,359.375,Green,not_detected
../new_dataset/test/rgb/test/36716.png,1219.875,110.75,1242.125,176.625,Green,green
../new_dataset/test/rgb/test/31964.png,33.0,172.0,52.625,238.625,Green,green
../new_dataset/test/rgb/test/33220.png,1143.75,192.875,1161.375,245.875,Red,red
../new_dataset/test/rgb/test/33220.png,691.75,332.875,695.25,344.0,Green,not_detected
../new_dataset/test/rgb/test/33220.png,447.75,337.5,452.5,348.875,Green,not_detected
../new_dataset/test/rgb/test/25024.png,1148.75,171.375,1169.0,224.25,Green,green
../new_dataset/test/rgb/test/25024.png,760.375,333.0,764.125,346.75,Green,not_detected
../new_dataset/test/rgb/test/28164.png,1018.625,172.625,1039.875,223.375,Green,green
../new_dataset/test/rgb/test/28164.png,522.75,339.0,528.375,352.125,Red,not_detected
../new_dataset/test/rgb/test/37486.png,44.875,222.0,57.5,260.875,Red,red
../new_dataset/test/rgb/test/37486.png,967.0,201.625,982.625,240.75,Red,red
../new_dataset/test/rgb/test/33148.png,1143.75,192.875,1161.375,245.875,Red,red
../new_dataset/test/rgb/test/33148.png,447.75,337.5,452.5,348.875,Red,not_detected
../new_dataset/test/rgb/test/33750.png,1143.75,192.875,1161.375,245.875,Red,red
../new_dataset/test/rgb/test/33750.png,691.625,333.0,695.5,345.125,Green,not_detected
../new_dataset/test/rgb/test/33750.png,448.0,338.375,452.5,350.0,Green,not_detected
../new_dataset/test/rgb/test/26582.png,1063.625,169.25,1083.375,221.875,Green,green
../new_dataset/test/rgb/test/26582.png,364.25,364.5,367.375,374.0,off,not_detected
../new_dataset/test/rgb/test/37852.png,44.875,222.0,57.5,260.875,Green,green
../new_dataset/test/rgb/test/37852.png,967.0,201.625,982.625,240.75,Green,green
../new_dataset/test/rgb/test/28136.png,11.125,256.625,26.75,298.25,Green,green
../new_dataset/test/rgb/test/28136.png,929.0,213.125,945.75,254.125,Green,green
../new_dataset/test/rgb/test/28136.png,505.625,345.875,510.375,358.125,Red,not_detected
../new_dataset/test/rgb/test/29310.png,1051.625,139.0,1073.875,193.375,Green,green
../new_dataset/test/rgb/test/39456.png,1231.125,99.5,1258.875,170.0,Green,green
../new_dataset/test/rgb/test/39456.png,519.25,333.375,525.125,348.375,Red,not_detected
../new_dataset/test/rgb/test/39456.png,372.5,342.375,377.25,355.25,Red,not_detected
../new_dataset/test/rgb/test/33426.png,1143.75,192.875,1161.375,245.875,Red,red
../new_dataset/test/rgb/test/33426.png,691.625,333.0,695.5,345.125,Green,not_detected
../new_dataset/test/rgb/test/33426.png,448.0,338.375,452.5,350.0,Green,not_detected
../new_dataset/test/rgb/test/29338.png,1237.75,73.375,1267.75,148.125,Green,green
../new_dataset/test/rgb/test/29302.png,1016.5,155.125,1038.875,208.125,Green,green
../new_dataset/test/rgb/test/38420.png,525.125,335.125,528.125,344.75,off,not_detected
../new_dataset/test/rgb/test/38420.png,1077.0,184.375,1095.875,233.625,Green,green
../new_dataset/test/rgb/test/27132.png,752.125,154.75,775.125,211.625,Green,green
../new_dataset/test/rgb/test/27132.png,227.875,341.625,232.625,353.5,Green,not_detected
../new_dataset/test/rgb/test/37792.png,44.875,222.0,57.5,260.875,Red,red
../new_dataset/test/rgb/test/37792.png,967.0,201.625,982.625,240.75,Red,red
../new_dataset/test/rgb/test/37870.png,44.875,222.0,57.5,260.875,Green,not_detected
../new_dataset/test/rgb/test/37870.png,967.0,201.625,982.625,240.75,Green,green
../new_dataset/test/rgb/test/33496.png,1143.75,192.875,1161.375,245.875,Red,red
../new_dataset/test/rgb/test/33496.png,691.625,333.0,695.5,345.125,Green,not_detected
../new_dataset/test/rgb/test/33816.png,1143.75,192.875,1161.375,245.875,Red,red
../new_dataset/test/rgb/test/33816.png,691.625,333.0,695.5,345.125,Green,not_detected
../new_dataset/test/rgb/test/33816.png,448.0,338.375,452.5,350.0,Green,not_detected
../new_dataset/test/rgb/test/37492.png,44.875,222.0,57.5,260.875,Red,red
../new_dataset/test/rgb/test/37492.png,967.0,201.625,982.625,240.75,Red,red
../new_dataset/test/rgb/test/27112.png,769.375,171.0,788.5,223.75,Green,green
../new_dataset/test/rgb/test/27112.png,259.75,344.875,264.0,356.0,Green,not_detected
../new_dataset/test/rgb/test/33404.png,1143.75,192.875,1161.375,245.875,Red,red
../new_dataset/test/rgb/test/33404.png,691.625,333.0,695.5,345.125,Green,not_detected
../new_dataset/test/rgb/test/37360.png,44.875,222.0,57.5,260.875,Red,not_detected
../new_dataset/test/rgb/test/37360.png,967.0,201.625,982.625,240.75,Red,red
../new_dataset/test/rgb/test/39820.png,160.5,285.25,168.125,312.5,Red,not_detected
../new_dataset/test/rgb/test/39820.png,541.25,271.625,559.75,308.125,Red,red
../new_dataset/test/rgb/test/39820.png,876.75,263.0,885.0,289.5,Red,not_detected
../new_dataset/test/rgb/test/33364.png,1143.75,192.875,1161.375,245.875,Red,red
../new_dataset/test/rgb/test/33364.png,448.0,338.375,452.5,350.0,Green,not_detected
../new_dataset/test/rgb/test/37590.png,44.875,222.0,57.5,260.875,Red,red
../new_dataset/test/rgb/test/37590.png,967.0,201.625,982.625,240.75,Red,red
../new_dataset/test/rgb/test/30740.png,538.0,188.875,556.5,236.25,Green,green
../new_dataset/test/rgb/test/37204.png,76.375,228.0,91.5,274.875,Red,not_detected
../new_dataset/test/rgb/test/37204.png,954.875,211.75,967.75,249.0,Red,red
../new_dataset/test/rgb/test/37652.png,44.875,222.0,57.5,260.875,Red,red
../new_dataset/test/rgb/test/37652.png,967.0,201.625,982.625,240.75,Red,red
../new_dataset/test/rgb/test/33596.png,1143.75,192.875,1161.375,245.875,Red,red
../new_dataset/test/rgb/test/33596.png,691.625,333.0,695.5,345.125,Green,not_detected
../new_dataset/test/rgb/test/33596.png,448.0,338.375,452.5,350.0,Green,not_detected
../new_dataset/test/rgb/test/37528.png,44.875,222.0,57.5,260.875,Red,red
../new_dataset/test/rgb/test/37528.png,967.0,201.625,982.625,240.75,Red,red
../new_dataset/test/rgb/test/33584.png,1143.75,192.875,1161.375,245.875,Red,red
../new_dataset/test/rgb/test/33584.png,691.625,333.0,695.5,345.125,Green,not_detected
../new_dataset/test/rgb/test/39984.png,62.75,266.625,73.0,296.0,off,not_detected
../new_dataset/test/rgb/test/39984.png,522.75,255.5,542.625,296.0,Red,red
../new_dataset/test/rgb/test/39984.png,919.75,242.25,930.625,274.0,Red,not_detected
../new_dataset/test/rgb/test/39920.png,77.75,268.625,85.625,294.75,Red,not_detected
../new_dataset/test/rgb/test/39920.png,525.25,257.5,544.25,296.125,Red,red
../new_dataset/test/rgb/test/39920.png,913.75,246.0,924.25,276.25,Red,not_detected
../new_dataset/test/rgb/test/30752.png,528.375,182.75,548.125,234.5,Green,green
../new_dataset/test/rgb/test/37638.png,44.875,222.0,57.5,260.875,Red,red
../new_dataset/test/rgb/test/37638.png,967.0,201.625,982.625,240.75,Red,red
../new_dataset/test/rgb/test/31796.png,832.75,218.75,845.75,255.875,Green,green
../new_dataset/test/rgb/test/31796.png,12.375,232.0,29.75,272.125,Green,green
../new_dataset/test/rgb/test/35480.png,1259.625,87.75,1278.375,165.625,Green,green
../new_dataset/test/rgb/test/35400.png,22.875,221.875,35.875,261.625,Green,not_detected
../new_dataset/test/rgb/test/35400.png,1011.5,206.875,1029.125,252.375,Green,green
../new_dataset/test/rgb/test/37574.png,44.875,222.0,57.5,260.875,Red,red
../new_dataset/test/rgb/test/37574.png,967.0,201.625,982.625,240.75,Red,red
../new_dataset/test/rgb/test/33056.png,453.375,330.625,458.25,343.625,Red,not_detected
../new_dataset/test/rgb/test/33056.png,1106.75,202.25,1123.625,252.875,Yellow,yellow
../new_dataset/test/rgb/test/40432.png,276.0,18.0,306.0,115.0,Green,not_detected
../new_dataset/test/rgb/test/39890.png,90.875,267.75,101.125,295.125,Red,not_detected
../new_dataset/test/rgb/test/39890.png,527.5,256.0,547.875,294.125,Red,red
../new_dataset/test/rgb/test/39890.png,907.25,244.875,916.625,274.25,Red,not_detected
../new_dataset/test/rgb/test/27140.png,757.625,142.0,779.0,203.875,Green,green
../new_dataset/test/rgb/test/27140.png,224.875,340.625,229.125,352.0,Green,not_detected
../new_dataset/test/rgb/test/36724.png,1248.125,104.625,1271.875,172.0,Green,green
../new_dataset/test/rgb/test/33054.png,452.875,329.875,459.375,344.25,Red,not_detected
../new_dataset/test/rgb/test/33054.png,1103.75,203.375,1120.75,254.0,Yellow,yellow
../new_dataset/test/rgb/test/33870.png,1143.75,192.875,1161.375,245.875,Red,red
../new_dataset/test/rgb/test/33870.png,691.625,333.0,695.5,345.125,Green,not_detected
../new_dataset/test/rgb/test/33870.png,448.0,338.375,452.5,350.0,Green,not_detected
../new_dataset/test/rgb/test/28142.png,940.25,204.125,958.625,246.25,Green,green
../new_dataset/test/rgb/test/28142.png,505.375,344.875,510.25,355.875,Red,not_detected
../new_dataset/test/rgb/test/33162.png,1143.75,192.875,1161.375,245.875,Red,red
../new_dataset/test/rgb/test/33162.png,447.75,337.5,452.5,348.875,Red,not_detected
../new_dataset/test/rgb/test/40338.png,1076.625,180.75,1091.875,233.0,Green,green
../new_dataset/test/rgb/test/40338.png,475.875,231.125,490.125,272.75,Green,not_detected
../new_dataset/test/rgb/test/33872.png,1143.75,192.875,1161.375,245.875,Red,red
../new_dataset/test/rgb/test/33872.png,691.625,333.0,695.5,345.125,Green,not_detected
../new_dataset/test/rgb/test/33872.png,448.0,338.375,452.5,350.0,Green,not_detected
../new_dataset/test/rgb/test/37922.png,26.125,225.75,38.375,264.5,Green,green
../new_dataset/test/rgb/test/37922.png,975.625,205.75,991.25,244.25,Green,green
../new_dataset/test/rgb/test/33682.png,1143.75,192.875,1161.375,245.875,Red,red
../new_dataset/test/rgb/test/33682.png,691.625,333.0,695.5,345.125,Green,not_detected
../new_dataset/test/rgb/test/33682.png,448.0,338.375,452.5,350.0,Green,not_detected
../new_dataset/test/rgb/test/26526.png,996.125,176.125,1011.875,222.0,Green,green
../new_dataset/test/rgb/test/28124.png,47.375,257.0,61.5,296.625,Green,green
../new_dataset/test/rgb/test/28124.png,905.75,217.125,921.75,255.0,Green,green
../new_dataset/test/rgb/test/28124.png,505.125,340.125,509.75,352.0,Red,not_detected
../new_dataset/test/rgb/test/27178.png,841.5,108.875,867.0,180.0,Green,green
../new_dataset/test/rgb/test/27178.png,267.0,347.0,270.375,358.125,Green,not_detected
../new_dataset/test/rgb/test/39434.png,1132.75,129.0,1155.625,189.5,Green,green
../new_dataset/test/rgb/test/39434.png,531.125,330.375,537.75,344.875,Red,red
../new_dataset/test/rgb/test/39434.png,390.0,341.5,395.125,354.5,Red,not_detected
../new_dataset/test/rgb/test/33268.png,1143.75,192.875,1161.375,245.875,Red,red
../new_dataset/test/rgb/test/33268.png,691.625,333.0,695.5,345.125,Green,not_detected
../new_dataset/test/rgb/test/33268.png,447.75,337.5,452.5,348.875,Green,not_detected
../new_dataset/test/rgb/test/37600.png,44.875,222.0,57.5,260.875,Red,red
../new_dataset/test/rgb/test/37600.png,967.0,201.625,982.625,240.75,Red,red
../new_dataset/test/rgb/test/30820.png,346.0,141.5,370.5,203.5,Green,green
../new_dataset/test/rgb/test/31968.png,82.625,167.75,103.0,236.625,Green,green
../new_dataset/test/rgb/test/37324.png,44.875,222.0,57.5,260.875,Red,red
../new_dataset/test/rgb/test/37324.png,967.0,201.625,982.625,240.75,Red,red
../new_dataset/test/rgb/test/40386.png,427.25,190.0,445.75,248.75,Green,not_detected
../new_dataset/test/rgb/test/33238.png,1143.75,192.875,1161.375,245.875,Red,red
../new_dataset/test/rgb/test/33238.png,691.625,333.0,695.5,345.125,Green,not_detected
../new_dataset/test/rgb/test/33238.png,447.75,337.5,452.5,348.875,Green,not_detected
../new_dataset/test/rgb/test/33026.png,460.375,325.75,465.625,340.875,Red,not_detected
../new_dataset/test/rgb/test/33026.png,1057.125,214.5,1072.125,259.375,Green,green
../new_dataset/test/rgb/test/33026.png,22.75,219.0,37.125,263.875,Green,green
../new_dataset/test/rgb/test/39816.png,165.125,285.625,174.375,311.75,Red,red
../new_dataset/test/rgb/test/39816.png,543.0,270.125,559.75,308.25,Red,red
../new_dataset/test/rgb/test/39816.png,875.375,264.75,883.75,290.75,Red,not_detected
../new_dataset/test/rgb/test/28748.png,1090.625,176.875,1112.0,230.25,Green,green
../new_dataset/test/rgb/test/30682.png,792.125,234.0,808.875,271.25,Green,green
../new_dataset/test/rgb/test/29296.png,992.25,163.0,1013.25,210.875,Green,green
../new_dataset/test/rgb/test/30822.png,329.5,143.0,348.5,207.0,Green,green
../new_dataset/test/rgb/test/40388.png,422.375,189.25,442.5,248.375,Green,not_detected
../new_dataset/test/rgb/test/37596.png,44.875,222.0,57.5,260.875,Red,red
../new_dataset/test/rgb/test/37596.png,967.0,201.625,982.625,240.75,Red,red
../new_dataset/test/rgb/test/33366.png,1143.75,192.875,1161.375,245.875,Red,red
../new_dataset/test/rgb/test/33366.png,448.0,338.375,452.5,350.0,Green,not_detected
../new_dataset/test/rgb/test/40354.png,1134.0,152.0,1150.75,213.25,Green,green
../new_dataset/test/rgb/test/40354.png,463.25,217.375,477.625,265.125,Green,not_detected
../new_dataset/test/rgb/test/27652.png,1032.25,179.0,1050.375,228.5,Green,green
../new_dataset/test/rgb/test/27652.png,426.625,336.25,433.375,349.75,Red,not_detected
../new_dataset/test/rgb/test/37850.png,44.875,222.0,57.5,260.875,Green,green
../new_dataset/test/rgb/test/37850.png,967.0,201.625,982.625,240.75,Green,green
../new_dataset/test/rgb/test/37430.png,44.875,222.0,57.5,260.875,Red,red
../new_dataset/test/rgb/test/37430.png,967.0,201.625,982.625,240.75,Red,red
../new_dataset/test/rgb/test/33248.png,1143.75,192.875,1161.375,245.875,Red,red
../new_dataset/test/rgb/test/33248.png,691.625,333.0,695.5,345.125,Green,not_detected
../new_dataset/test/rgb/test/33248.png,447.75,337.5,452.5,348.875,Green,not_detected
../new_dataset/test/rgb/test/27130.png,754.0,157.5,775.375,215.5,Green,green
../new_dataset/test/rgb/test/27130.png,230.25,344.5,234.375,355.75,Green,not_detected
../new_dataset/test/rgb/test/27038.png,881.25,205.75,896.5,246.375,Green,green
../new_dataset/test/rgb/test/39780.png,209.875,287.0,217.25,311.25,Red,not_detected
../new_dataset/test/rgb/test/39780.png,550.5,270.125,566.25,304.875,Red,red
../new_dataset/test/rgb/test/39780.png,852.875,266.75,860.0,285.375,Red,not_detected
../new_dataset/test/rgb/test/38062.png,1222.375,129.375,1248.75,196.125,Green,green
../new_dataset/test/rgb/test/38062.png,403.75,351.375,408.625,363.75,Green,not_detected
../new_dataset/test/rgb/test/38062.png,678.625,342.375,683.0,352.375,Green,not_detected
../new_dataset/test/rgb/test/40428.png,300.0,48.5,330.5,139.0,Green,not_detected
../new_dataset/test/rgb/test/33466.png,1143.75,192.875,1161.375,245.875,Red,red
../new_dataset/test/rgb/test/33466.png,691.625,333.0,695.5,345.125,Green,not_detected
../new_dataset/test/rgb/test/33466.png,448.0,338.375,452.5,350.0,Green,not_detected
../new_dataset/test/rgb/test/39798.png,188.625,285.75,194.625,308.75,Red,not_detected
../new_dataset/test/rgb/test/39798.png,545.875,271.0,563.5,305.75,Red,red
../new_dataset/test/rgb/test/33218.png,1143.75,192.875,1161.375,245.875,Red,red
../new_dataset/test/rgb/test/33218.png,691.75,332.875,695.25,344.0,Green,not_detected
../new_dataset/test/rgb/test/33218.png,447.75,337.5,452.5,348.875,Green,not_detected
../new_dataset/test/rgb/test/33614.png,1143.75,192.875,1161.375,245.875,Red,red
../new_dataset/test/rgb/test/33614.png,691.625,333.0,695.5,345.125,Green,not_detected
../new_dataset/test/rgb/test/33614.png,448.0,338.375,452.5,350.0,Green,not_detected
../new_dataset/test/rgb/test/27110.png,773.25,173.25,792.5,226.75,Green,green
../new_dataset/test/rgb/test/27110.png,265.375,345.5,269.0,356.625,Green,not_detected
../new_dataset/test/rgb/test/35390.png,60.375,223.375,73.375,261.25,Green,green
../new_dataset/test/rgb/test/35390.png,999.75,213.5,1015.0,255.375,Green,green
../new_dataset/test/rgb/test/36678.png,1128.25,134.375,1149.75,191.125,Green,green
../new_dataset/test/rgb/test/33158.png,1143.75,192.875,1161.375,245.875,Red,red
../new_dataset/test/rgb/test/33158.png,447.75,337.5,452.5,348.875,Red,not_detected
../new_dataset/test/rgb/test/29328.png,1156.875,111.0,1184.75,177.5,Green,green
../new_dataset/test/rgb/test/30722.png,565.5,201.0,582.25,245.875,Green,green
../new_dataset/test/rgb/test/37880.png,44.875,222.0,57.5,260.875,Green,not_detected
../new_dataset/test/rgb/test/37880.png,967.0,201.625,982.625,240.75,Green,green
../new_dataset/test/rgb/test/28774.png,1205.5,115.125,1231.875,178.0,Green,green
../new_dataset/test/rgb/test/27062.png,867.625,193.25,883.625,236.875,Green,green
../new_dataset/test/rgb/test/33368.png,1143.75,192.875,1161.375,245.875,Red,red
../new_dataset/test/rgb/test/33368.png,448.0,338.375,452.5,350.0,Green,not_detected
../new_dataset/test/rgb/test/36712.png,1204.0,116.0,1224.375,179.75,Green,green
../new_dataset/test/rgb/test/29770.png,41.625,227.75,56.875,271.25,Green,green
../new_dataset/test/rgb/test/29770.png,1030.0,210.75,1046.0,253.5,Green,green
../new_dataset/test/rgb/test/33408.png,1143.75,192.875,1161.375,245.875,Red,red
../new_dataset/test/rgb/test/33408.png,691.625,333.0,695.5,345.125,Green,not_detected
../new_dataset/test/rgb/test/37266.png,50.75,221.875,65.75,259.75,Red,red
../new_dataset/test/rgb/test/37266.png,964.875,202.375,979.125,241.625,Red,red
../new_dataset/test/rgb/test/33726.png,1143.75,192.875,1161.375,245.875,Red,red
../new_dataset/test/rgb/test/33726.png,691.625,333.0,695.5,345.125,Green,not_detected
../new_dataset/test/rgb/test/33726.png,448.0,338.375,452.5,350.0,Green,not_detected
../new_dataset/test/rgb/test/33444.png,1143.75,192.875,1161.375,245.875,Red,red
../new_dataset/test/rgb/test/33444.png,691.625,333.0,695.5,345.125,Green,not_detected
../new_dataset/test/rgb/test/33444.png,448.0,338.375,452.5,350.0,Green,not_detected
../new_dataset/test/rgb/test/37182.png,92.625,236.25,108.375,275.0,Red,not_detected
../new_dataset/test/rgb/test/37182.png,949.375,222.625,961.75,258.75,Red,red
../new_dataset/test/rgb/test/37644.png,44.875,222.0,57.5,260.875,Red,red
../new_dataset/test/rgb/test/37644.png,967.0,201.625,982.625,240.75,Red,red
../new_dataset/test/rgb/test/35436.png,1071.375,166.5,1092.25,222.5,Green,green
../new_dataset/test/rgb/test/37290.png,45.75,220.125,59.875,260.75,Red,red
../new_dataset/test/rgb/test/37290.png,966.625,202.75,981.875,240.375,Red,red
../new_dataset/test/rgb/test/33296.png,1143.75,192.875,1161.375,245.875,Red,red
../new_dataset/test/rgb/test/33296.png,691.625,333.0,695.5,345.125,Green,not_detected
../new_dataset/test/rgb/test/33296.png,448.0,338.375,452.5,350.0,Green,not_detected
../new_dataset/test/rgb/test/39444.png,1172.625,116.375,1195.75,181.75,Green,green
../new_dataset/test/rgb/test/39444.png,525.625,330.75,531.875,344.875,Red,not_detected
../new_dataset/test/rgb/test/39444.png,380.75,339.0,387.0,354.125,Red,not_detected
../new_dataset/test/rgb/test/37692.png,44.875,222.0,57.5,260.875,Red,red
../new_dataset/test/rgb/test/37692.png,967.0,201.625,982.625,240.75,Red,red
../new_dataset/test/rgb/test/39936.png,73.25,266.75,82.5,294.375,off,not_detected
../new_dataset/test/rgb/test/39936.png,524.75,257.375,543.375,296.625,Red,red
../new_dataset/test/rgb/test/39936.png,916.875,244.5,926.875,275.625,Red,not_detected
../new_dataset/test/rgb/test/28166.png,1028.625,169.375,1050.0,219.125,Green,green
../new_dataset/test/rgb/test/28166.png,525.125,338.5,530.25,351.5,Red,not_detected
../new_dataset/test/rgb/test/30726.png,557.25,195.625,573.5,241.5,Green,green
../new_dataset/test/rgb/test/35460.png,1148.5,131.875,1172.5,197.0,Green,not_detected
../new_dataset/test/rgb/test/25010.png,1097.625,173.625,1116.25,222.25,Green,green
../new_dataset/test/rgb/test/25010.png,745.75,323.125,749.5,333.875,Green,not_detected
../new_dataset/test/rgb/test/29786.png,1067.875,181.5,1084.75,228.25,Green,green
../new_dataset/test/rgb/test/38052.png,1184.25,135.5,1206.75,198.125,Green,green
../new_dataset/test/rgb/test/38052.png,403.5,345.0,408.125,357.25,Green,not_detected
../new_dataset/test/rgb/test/38052.png,674.625,336.125,678.625,346.625,Green,not_detected
../new_dataset/test/rgb/test/33550.png,1143.75,192.875,1161.375,245.875,Red,red
../new_dataset/test/rgb/test/33550.png,691.625,333.0,695.5,345.125,Green,not_detected
../new_dataset/test/rgb/test/33550.png,448.0,338.375,452.5,350.0,Green,not_detected
../new_dataset/test/rgb/test/33254.png,1143.75,192.875,1161.375,245.875,Red,red
../new_dataset/test/rgb/test/33254.png,691.625,333.0,695.5,345.125,Green,not_detected
../new_dataset/test/rgb/test/33254.png,447.75,337.5,452.5,348.875,Green,not_detected
../new_dataset/test/rgb/test/40390.png,419.875,188.5,440.75,248.125,Green,not_detected
../new_dataset/test/rgb/test/29244.png,876.0,218.75,891.5,256.375,Green,green
../new_dataset/test/rgb/test/29244.png,2.0,278.625,18.0,321.25,Green,green
../new_dataset/test/rgb/test/33940.png,1143.75,192.875,1161.375,245.875,Green,green
../new_dataset/test/rgb/test/33940.png,691.625,333.0,695.5,345.125,Green,not_detected
../new_dataset/test/rgb/test/33940.png,448.0,338.375,452.5,350.0,Green,not_detected
../new_dataset/test/rgb/test/33678.png,1143.75,192.875,1161.375,245.875,Red,red
../new_dataset/test/rgb/test/33678.png,691.625,333.0,695.5,345.125,Green,not_detected
../new_dataset/test/rgb/test/33678.png,448.0,338.375,452.5,350.0,Green,not_detected
../new_dataset/test/rgb/test/39956.png,67.375,267.5,76.625,295.0,Red,not_detected
../new_dataset/test/rgb/test/39956.png,524.5,258.0,542.5,296.0,Red,red
../new_dataset/test/rgb/test/39956.png,919.0,243.25,928.375,274.875,Red,not_detected
../new_dataset/test/rgb/test/39840.png,136.0,283.0,145.0,309.0,Red,not_detected
../new_dataset/test/rgb/test/39840.png,536.625,268.625,555.0,306.375,Red,red
../new_dataset/test/rgb/test/39840.png,886.625,259.25,896.25,287.5,Red,not_detected
../new_dataset/test/rgb/test/29322.png,1115.625,114.0,1141.375,176.375,Green,green
../new_dataset/test/rgb/test/26534.png,1003.25,175.25,1018.625,221.125,Green,green
../new_dataset/test/rgb/test/37168.png,106.75,246.375,122.0,281.0,Red,red
../new_dataset/test/rgb/test/37168.png,945.375,232.75,956.25,268.0,Red,not_detected
../new_dataset/test/rgb/test/38034.png,1124.0,167.0,1144.375,222.875,Green,green
../new_dataset/test/rgb/test/38034.png,668.5,344.375,672.25,354.5,Green,not_detected
../new_dataset/test/rgb/test/33644.png,1143.75,192.875,1161.375,245.875,Red,red
../new_dataset/test/rgb/test/37624.png,44.875,222.0,57.5,260.875,Red,red
../new_dataset/test/rgb/test/37624.png,967.0,201.625,982.625,240.75,Red,red
../new_dataset/test/rgb/test/33094.png,448.125,332.75,452.5,344.75,Red,not_detected
../new_dataset/test/rgb/test/33094.png,1140.125,189.0,1157.625,242.625,Yellow,yellow
../new_dataset/test/rgb/test/33960.png,1147.0,192.625,1166.0,247.5,Green,green
../new_dataset/test/rgb/test/33960.png,691.25,335.75,695.25,347.625,Green,not_detected
../new_dataset/test/rgb/test/33960.png,447.625,340.125,452.5,352.5,Green,not_detected
../new_dataset/test/rgb/test/34012.png,1223.875,154.625,1248.25,220.875,Green,green
../new_dataset/test/rgb/test/34012.png,684.375,333.125,688.375,344.25,Green,not_detected
../new_dataset/test/rgb/test/34012.png,432.25,342.125,436.625,351.75,Green,not_detected
../new_dataset/test/rgb/test/29802.png,1111.75,172.75,1134.0,225.125,Green,green
../new_dataset/test/rgb/test/26564.png,1025.75,175.625,1043.5,225.625,Green,green
../new_dataset/test/rgb/test/26564.png,361.0,352.75,364.5,362.875,off,not_detected
../new_dataset/test/rgb/test/33308.png,1143.75,192.875,1161.375,245.875,Red,red
../new_dataset/test/rgb/test/33308.png,691.625,333.0,695.5,345.125,Green,not_detected
../new_dataset/test/rgb/test/33308.png,448.0,338.375,452.5,350.0,Green,not_detected
../new_dataset/test/rgb/test/37670.png,44.875,222.0,57.5,260.875,Red,red
../new_dataset/test/rgb/test/37670.png,967.0,201.625,982.625,240.75,Red,red
../new_dataset/test/rgb/test/40420.png,336.5,88.0,360.5,172.0,Green,not_detected
../new_dataset/test/rgb/test/33848.png,1143.75,192.875,1161.375,245.875,Red,red
../new_dataset/test/rgb/test/33848.png,691.625,333.0,695.5,345.125,Green,not_detected
../new_dataset/test/rgb/test/33848.png,448.0,338.375,452.5,350.0,Green,not_detected
../new_dataset/test/rgb/test/29300.png,1008.125,157.75,1029.0,208.125,Green,green
../new_dataset/test/rgb/test/37640.png,44.875,222.0,57.5,260.875,Red,red
../new_dataset/test/rgb/test/37640.png,967.0,201.625,982.625,240.75,Red,red
../new_dataset/test/rgb/test/37170.png,104.375,243.625,119.875,280.125,Red,red
../new_dataset/test/rgb/test/37170.png,946.375,230.25,957.75,265.25,Red,red
../new_dataset/test/rgb/test/40348.png,1111.75,170.625,1127.125,229.875,Green,green
../new_dataset/test/rgb/test/40348.png,469.75,228.25,483.875,272.875,Green,not_detected
../new_dataset/test/rgb/test/39752.png,247.875,294.125,253.75,311.375,Red,not_detected
../new_dataset/test/rgb/test/39752.png,558.5,280.875,573.75,310.25,Red,red
../new_dataset/test/rgb/test/37340.png,44.875,222.0,57.5,260.875,Red,red
../new_dataset/test/rgb/test/37340.png,967.0,201.625,982.625,240.75,Red,red
../new_dataset/test/rgb/test/33322.png,1143.75,192.875,1161.375,245.875,Red,red
../new_dataset/test/rgb/test/33322.png,691.625,333.0,695.5,345.125,Green,not_detected
../new_dataset/test/rgb/test/33322.png,448.0,338.375,452.5,350.0,Green,not_detected
../new_dataset/test/rgb/test/28746.png,1085.625,183.875,1105.625,235.875,Green,green
../new_dataset/test/rgb/test/37534.png,44.875,222.0,57.5,260.875,Red,red
../new_dataset/test/rgb/test/37534.png,967.0,201.625,982.625,240.75,Red,red
../new_dataset/test/rgb/test/33390.png,1143.75,192.875,1161.375,245.875,Red,red
../new_dataset/test/rgb/test/26616.png,1212.125,105.125,1237.75,173.125,Green,green
../new_dataset/test/rgb/test/26616.png,373.625,346.0,377.5,357.875,off,not_detected
../new_dataset/test/rgb/test/37342.png,44.875,222.0,57.5,260.875,Red,red
../new_dataset/test/rgb/test/37342.png,967.0,201.625,982.625,240.75,Red,red
../new_dataset/test/rgb/test/33868.png,1143.75,192.875,1161.375,245.875,Red,red
../new_dataset/test/rgb/test/33868.png,691.625,333.0,695.5,345.125,Green,not_detected
../new_dataset/test/rgb/test/33868.png,448.0,338.375,452.5,350.0,Green,not_detected
../new_dataset/test/rgb/test/37300.png,44.625,220.5,58.75,260.125,Red,red
../new_dataset/test/rgb/test/37300.png,967.0,201.625,982.625,240.75,Red,red
../new_dataset/test/rgb/test/33062.png,452.0,332.25,457.375,344.5,Red,not_detected
../new_dataset/test/rgb/test/33062.png,1113.5,199.625,1130.375,251.125,Yellow,yellow
../new_dataset/test/rgb/test/33216.png,1143.75,192.875,1161.375,245.875,Red,red
../new_dataset/test/rgb/test/33216.png,691.75,332.875,695.25,344.0,Green,not_detected
../new_dataset/test/rgb/test/33216.png,447.75,337.5,452.5,348.875,Green,not_detected
../new_dataset/test/rgb/test/29790.png,1077.375,183.125,1095.25,230.75,Green,green
../new_dataset/test/rgb/test/27636.png,983.375,189.5,1000.125,234.75,Green,green
../new_dataset/test/rgb/test/27636.png,430.625,323.75,437.0,338.0,Red,not_detected
../new_dataset/test/rgb/test/37404.png,44.875,222.0,57.5,260.875,Red,not_detected
../new_dataset/test/rgb/test/37404.png,967.0,201.625,982.625,240.75,Red,red
../new_dataset/test/rgb/test/25030.png,1173.75,169.75,1195.5,224.75,Green,green
../new_dataset/test/rgb/test/25030.png,765.875,337.125,769.625,351.375,Green,not_detected
../new_dataset/test/rgb/test/37422.png,44.875,222.0,57.5,260.875,Red,red
../new_dataset/test/rgb/test/37422.png,967.0,201.625,982.625,240.75,Red,red
../new_dataset/test/rgb/test/36640.png,1089.0,145.5,1106.375,198.5,Green,green
../new_dataset/test/rgb/test/36640.png,491.375,339.0,496.0,350.125,Green,not_detected
../new_dataset/test/rgb/test/29804.png,1118.0,168.625,1140.5,222.625,Green,green
../new_dataset/test/rgb/test/28190.png,1169.75,123.25,1194.625,185.625,Green,green
../new_dataset/test/rgb/test/28190.png,556.125,337.875,560.625,350.25,Red,not_detected
../new_dataset/test/rgb/test/27688.png,1195.375,100.375,1225.0,172.5,Green,green
../new_dataset/test/rgb/test/27688.png,413.125,327.25,418.5,341.625,Red,not_detected
../new_dataset/test/rgb/test/33274.png,1143.75,192.875,1161.375,245.875,Red,red
../new_dataset/test/rgb/test/33274.png,691.625,333.0,695.5,345.125,Green,not_detected
../new_dataset/test/rgb/test/33274.png,447.75,337.5,452.5,348.875,Green,not_detected
../new_dataset/test/rgb/test/33274.png,447.75,337.5,452.5,348.875,Green,not_detected
../new_dataset/test/rgb/test/33098.png,447.625,334.0,452.75,346.625,Red,not_detected
../new_dataset/test/rgb/test/33098.png,1141.75,189.25,1159.625,244.75,Yellow,yellow
../new_dataset/test/rgb/test/36694.png,1152.375,130.5,1173.25,191.125,Green,green
../new_dataset/test/rgb/test/24986.png,1031.75,202.375,1048.375,245.75,Green,green
../new_dataset/test/rgb/test/24986.png,729.875,332.125,732.5,340.5,Green,not_detected
../new_dataset/test/rgb/test/28730.png,1045.5,195.5,1064.25,243.75,Green,green
../new_dataset/test/rgb/test/33208.png,1143.75,192.875,1161.375,245.875,Red,red
../new_dataset/test/rgb/test/33208.png,447.75,337.5,452.5,348.875,Red,not_detected
../new_dataset/test/rgb/test/29246.png,879.0,219.375,894.875,258.5,Green,green
../new_dataset/test/rgb/test/29246.png,0.25,280.125,13.125,321.375,Green,green
../new_dataset/test/rgb/test/34392.png,987.25,179.0,1003.375,222.25,Green,green
../new_dataset/test/rgb/test/34392.png,492.25,328.625,496.375,339.875,Red,not_detected
../new_dataset/test/rgb/test/39938.png,72.75,267.75,81.0,293.875,off,not_detected
../new_dataset/test/rgb/test/39938.png,523.875,257.0,543.75,297.375,Red,red
../new_dataset/test/rgb/test/39938.png,916.875,244.0,926.375,275.375,Red,not_detected
../new_dataset/test/rgb/test/39782.png,208.375,286.75,215.0,310.125,Red,not_detected
../new_dataset/test/rgb/test/39782.png,549.375,270.875,565.375,304.5,Red,red
../new_dataset/test/rgb/test/39782.png,854.25,265.25,861.25,285.375,Red,not_detected
../new_dataset/test/rgb/test/39454.png,1218.125,101.75,1245.625,173.75,Green,green
../new_dataset/test/rgb/test/39454.png,519.375,335.0,525.875,349.75,Red,red
../new_dataset/test/rgb/test/39454.png,373.25,344.5,379.125,357.875,Red,not_detected
../new_dataset/test/rgb/test/39376.png,1022.0,206.25,1037.75,249.375,Green,green
../new_dataset/test/rgb/test/39376.png,562.5,334.75,568.125,348.25,Red,not_detected
../new_dataset/test/rgb/test/39376.png,430.625,341.75,434.875,353.625,Red,not_detected
../new_dataset/test/rgb/test/33118.png,447.75,335.5,453.25,348.375,Red,not_detected
../new_dataset/test/rgb/test/33118.png,1143.25,189.25,1162.25,244.375,Yellow,yellow
../new_dataset/test/rgb/test/39804.png,180.5,286.25,187.5,310.25,Red,not_detected
../new_dataset/test/rgb/test/39804.png,545.25,271.5,562.5,306.375,Red,red
../new_dataset/test/rgb/test/37362.png,44.875,222.0,57.5,260.875,Red,not_detected
../new_dataset/test/rgb/test/37362.png,967.0,201.625,982.625,240.75,Red,red
../new_dataset/test/rgb/test/37558.png,44.875,222.0,57.5,260.875,Red,red
../new_dataset/test/rgb/test/37558.png,967.0,201.625,982.625,240.75,Red,red
../new_dataset/test/rgb/test/33024.png,460.625,326.5,466.125,341.75,Red,not_detected
../new_dataset/test/rgb/test/33024.png,1053.5,215.375,1068.5,260.375,Green,green
../new_dataset/test/rgb/test/33024.png,27.375,221.375,41.375,264.25,Green,green
../new_dataset/test/rgb/test/37818.png,44.875,222.0,57.5,260.875,Red,red
../new_dataset/test/rgb/test/37818.png,967.0,201.625,982.625,240.75,Red,red
../new_dataset/test/rgb/test/33412.png,1143.75,192.875,1161.375,245.875,Red,red
../new_dataset/test/rgb/test/33412.png,691.625,333.0,695.5,345.125,Green,not_detected
../new_dataset/test/rgb/test/33412.png,448.0,338.375,452.5,350.0,Green,not_detected
../new_dataset/test/rgb/test/37494.png,44.875,222.0,57.5,260.875,Red,red
../new_dataset/test/rgb/test/37494.png,967.0,201.625,982.625,240.75,Red,red
../new_dataset/test/rgb/test/37794.png,44.875,222.0,57.5,260.875,Red,red
../new_dataset/test/rgb/test/37794.png,967.0,201.625,982.625,240.75,Red,red
../new_dataset/test/rgb/test/28188.png,1155.625,128.25,1181.375,189.5,Green,green
../new_dataset/test/rgb/test/28188.png,553.0,338.25,558.25,350.625,Red,not_detected
../new_dataset/test/rgb/test/36544.png,111.25,256.75,126.25,293.25,Green,not_detected
../new_dataset/test/rgb/test/36544.png,923.0,214.0,936.125,249.875,Green,green
../new_dataset/test/rgb/test/25012.png,1105.125,172.125,1123.125,221.0,Green,green
../new_dataset/test/rgb/test/25012.png,747.875,324.25,751.375,334.0,Green,not_detected
../new_dataset/test/rgb/test/33514.png,1143.75,192.875,1161.375,245.875,Red,red
../new_dataset/test/rgb/test/33514.png,691.625,333.0,695.5,345.125,Green,not_detected
../new_dataset/test/rgb/test/33514.png,448.0,338.375,452.5,350.0,Green,not_detected
../new_dataset/test/rgb/test/39930.png,74.75,267.125,84.125,296.0,Red,not_detected
../new_dataset/test/rgb/test/39930.png,524.875,256.75,545.25,296.0,Red,red
../new_dataset/test/rgb/test/39930.png,915.75,245.125,925.875,276.375,Red,not_detected
../new_dataset/test/rgb/test/37678.png,44.875,222.0,57.5,260.875,Red,red
../new_dataset/test/rgb/test/37678.png,967.0,201.625,982.625,240.75,Red,red
../new_dataset/test/rgb/test/27664.png,1074.75,159.375,1094.5,215.25,Green,green
../new_dataset/test/rgb/test/39858.png,116.625,276.375,124.0,304.25,Red,not_detected
../new_dataset/test/rgb/test/39858.png,532.5,262.25,551.75,301.375,Red,red
../new_dataset/test/rgb/test/39858.png,895.5,252.75,904.75,281.75,Red,not_detected
../new_dataset/test/rgb/test/33668.png,1143.75,192.875,1161.375,245.875,Red,red
../new_dataset/test/rgb/test/33668.png,691.625,333.0,695.5,345.125,Green,not_detected
../new_dataset/test/rgb/test/30708.png,630.875,215.0,646.875,257.625,Green,green
../new_dataset/test/rgb/test/38070.png,1263.125,114.5,1278.5,185.0,Green,not_detected
../new_dataset/test/rgb/test/38070.png,404.125,349.5,408.75,362.25,Green,not_detected
../new_dataset/test/rgb/test/38070.png,681.75,341.375,685.625,351.125,Green,not_detected
../new_dataset/test/rgb/test/33794.png,1143.75,192.875,1161.375,245.875,Red,red
../new_dataset/test/rgb/test/33794.png,691.625,333.0,695.5,345.125,Green,not_detected
../new_dataset/test/rgb/test/34004.png,1205.0,166.625,1226.125,229.25,Green,green
../new_dataset/test/rgb/test/34004.png,685.875,338.0,690.5,349.25,Green,not_detected
../new_dataset/test/rgb/test/34004.png,436.5,348.125,441.5,357.125,Green,not_detected
../new_dataset/test/rgb/test/32006.png,750.625,44.75,791.625,137.375,off,off
../new_dataset/test/rgb/test/37808.png,44.875,222.0,57.5,260.875,Red,red
../new_dataset/test/rgb/test/37808.png,967.0,201.625,982.625,240.75,Red,red
../new_dataset/test/rgb/test/32008.png,796.75,35.125,840.0,129.625,off,off
../new_dataset/test/rgb/test/29316.png,1079.25,124.0,1104.875,182.375,Green,green
../new_dataset/test/rgb/test/33642.png,1143.75,192.875,1161.375,245.875,Red,red
../new_dataset/test/rgb/test/33642.png,448.0,338.375,452.5,350.0,Green,not_detected
../new_dataset/test/rgb/test/37464.png,44.875,222.0,57.5,260.875,Red,red
../new_dataset/test/rgb/test/37464.png,967.0,201.625,982.625,240.75,Red,red
../new_dataset/test/rgb/test/29320.png,1102.5,116.125,1127.5,176.25,Green,green
../new_dataset/test/rgb/test/36722.png,1241.0,108.0,1263.875,175.0,Green,green
../new_dataset/test/rgb/test/39818.png,163.5,286.375,171.0,312.5,Red,not_detected
../new_dataset/test/rgb/test/39818.png,542.375,271.375,560.125,308.0,Red,red
../new_dataset/test/rgb/test/39818.png,876.125,264.25,883.625,290.5,Red,not_detected
../new_dataset/test/rgb/test/39848.png,127.5,279.625,134.875,305.125,Red,not_detected
../new_dataset/test/rgb/test/39848.png,534.375,266.625,554.125,303.375,Red,red
../new_dataset/test/rgb/test/39848.png,891.625,256.375,899.875,285.125,Red,not_detected
../new_dataset/test/rgb/test/33806.png,1143.75,192.875,1161.375,245.875,Red,red
../new_dataset/test/rgb/test/33806.png,448.0,338.375,452.5,350.0,Green,not_detected
../new_dataset/test/rgb/test/39430.png,1120.5,129.25,1142.875,186.125,Green,green
../new_dataset/test/rgb/test/39430.png,532.625,322.125,539.375,335.875,Red,red
../new_dataset/test/rgb/test/39430.png,391.75,333.0,397.375,345.5,Red,not_detected
../new_dataset/test/rgb/test/39824.png,154.875,285.5,163.0,310.875,Red,not_detected
../new_dataset/test/rgb/test/39824.png,540.875,270.875,557.75,306.75,Red,red
../new_dataset/test/rgb/test/39824.png,878.875,260.75,887.375,288.625,Red,not_detected
../new_dataset/test/rgb/test/33828.png,1143.75,192.875,1161.375,245.875,Red,not_detected
../new_dataset/test/rgb/test/33828.png,691.625,333.0,695.5,345.125,Green,not_detected
../new_dataset/test/rgb/test/33828.png,448.0,338.375,452.5,350.0,Green,not_detected
../new_dataset/test/rgb/test/39960.png,66.875,267.375,76.25,296.625,Red,red
../new_dataset/test/rgb/test/39960.png,524.375,256.5,542.25,295.125,Red,red
../new_dataset/test/rgb/test/39960.png,918.75,242.625,928.875,274.25,Red,not_detected
../new_dataset/test/rgb/test/36626.png,1067.625,151.0,1086.625,202.75,Green,green
../new_dataset/test/rgb/test/36626.png,490.0,332.75,495.125,345.375,Green,not_detected
../new_dataset/test/rgb/test/33580.png,1143.75,192.875,1161.375,245.875,Red,red
../new_dataset/test/rgb/test/33580.png,691.625,333.0,695.5,345.125,Green,not_detected
../new_dataset/test/rgb/test/33864.png,1143.75,192.875,1161.375,245.875,Red,red
../new_dataset/test/rgb/test/33864.png,691.625,333.0,695.5,345.125,Green,not_detected
../new_dataset/test/rgb/test/33864.png,448.0,338.375,452.5,350.0,Green,not_detected
../new_dataset/test/rgb/test/25032.png,1182.125,168.75,1202.875,224.875,Green,green
../new_dataset/test/rgb/test/25032.png,768.125,338.875,772.625,353.25,Green,not_detected
../new_dataset/test/rgb/test/33882.png,1143.75,192.875,1161.375,245.875,Red,red
../new_dataset/test/rgb/test/33882.png,691.625,333.0,695.5,345.125,Green,not_detected
../new_dataset/test/rgb/test/33882.png,448.0,338.375,452.5,350.0,Green,not_detected
../new_dataset/test/rgb/test/27090.png,816.875,191.75,834.75,240.875,Green,green
../new_dataset/test/rgb/test/27090.png,325.125,347.75,328.375,358.5,Green,not_detected
../new_dataset/test/rgb/test/39736.png,265.0,303.625,271.5,320.625,Red,not_detected
../new_dataset/test/rgb/test/39736.png,562.625,291.875,577.75,321.125,Red,red
../new_dataset/test/rgb/test/33414.png,1143.75,192.875,1161.375,245.875,Red,red
../new_dataset/test/rgb/test/33414.png,691.625,333.0,695.5,345.125,Green,not_detected
../new_dataset/test/rgb/test/33414.png,448.0,338.375,452.5,350.0,Green,not_detected
../new_dataset/test/rgb/test/33394.png,1143.75,192.875,1161.375,245.875,Red,red
../new_dataset/test/rgb/test/33394.png,691.625,333.0,695.5,345.125,Green,not_detected
../new_dataset/test/rgb/test/33708.png,1143.75,192.875,1161.375,245.875,Red,red
../new_dataset/test/rgb/test/33708.png,691.625,333.0,695.5,345.125,Green,not_detected
../new_dataset/test/rgb/test/33708.png,448.0,338.375,452.5,350.0,Green,not_detected
../new_dataset/test/rgb/test/40408.png,377.125,131.25,400.75,198.625,Green,not_detected
../new_dataset/test/rgb/test/29764.png,64.0,231.0,79.0,272.375,Green,green
../new_dataset/test/rgb/test/29764.png,1021.0,223.0,1035.625,262.125,Green,green
../new_dataset/test/rgb/test/27218.png,1200.75,19.125,1242.0,112.375,Green,green
../new_dataset/test/rgb/test/27218.png,499.25,341.75,502.75,354.375,Green,not_detected
../new_dataset/test/rgb/test/29218.png,854.5,220.5,868.5,255.25,Green,green
../new_dataset/test/rgb/test/29218.png,55.5,272.75,72.375,312.125,Green,green
../new_dataset/test/rgb/test/33318.png,1143.75,192.875,1161.375,245.875,Red,red
../new_dataset/test/rgb/test/33318.png,691.625,333.0,695.5,345.125,Green,not_detected
../new_dataset/test/rgb/test/33318.png,448.0,338.375,452.5,350.0,Green,not_detected
../new_dataset/test/rgb/test/28734.png,1053.75,195.125,1073.25,244.0,Green,green
../new_dataset/test/rgb/test/33586.png,1143.75,192.875,1161.375,245.875,Red,red
../new_dataset/test/rgb/test/33586.png,691.625,333.0,695.5,345.125,Green,not_detected
../new_dataset/test/rgb/test/37802.png,44.875,222.0,57.5,260.875,Red,red
../new_dataset/test/rgb/test/37802.png,967.0,201.625,982.625,240.75,Red,red
../new_dataset/test/rgb/test/28702.png,992.75,196.125,1008.125,238.0,Green,green
../new_dataset/test/rgb/test/37184.png,91.125,235.5,106.625,274.875,Red,not_detected
../new_dataset/test/rgb/test/37184.png,949.5,222.375,962.625,259.75,Red,red
../new_dataset/test/rgb/test/39418.png,1086.0,156.75,1106.25,210.125,Green,green
../new_dataset/test/rgb/test/39418.png,539.875,336.375,545.625,350.0,Red,red
../new_dataset/test/rgb/test/39418.png,400.25,346.375,406.125,359.625,Red,not_detected
../new_dataset/test/rgb/test/33932.png,1143.75,192.875,1161.375,245.875,Green,green
../new_dataset/test/rgb/test/33932.png,691.625,333.0,695.5,345.125,Green,not_detected
../new_dataset/test/rgb/test/33932.png,448.0,338.375,452.5,350.0,Green,not_detected
../new_dataset/test/rgb/test/37682.png,44.875,222.0,57.5,260.875,Red,red
../new_dataset/test/rgb/test/37682.png,967.0,201.625,982.625,240.75,Red,red
../new_dataset/test/rgb/test/33958.png,1146.75,192.75,1165.25,246.5,Green,green
../new_dataset/test/rgb/test/33958.png,690.625,334.25,695.375,346.375,Green,not_detected
../new_dataset/test/rgb/test/33958.png,447.75,339.75,452.0,351.5,Green,not_detected
../new_dataset/test/rgb/test/33804.png,1143.75,192.875,1161.375,245.875,Red,red
../new_dataset/test/rgb/test/33804.png,691.625,333.0,695.5,345.125,Green,not_detected
../new_dataset/test/rgb/test/33804.png,448.0,338.375,452.5,350.0,Green,not_detected
../new_dataset/test/rgb/test/37864.png,44.875,222.0,57.5,260.875,Green,green
../new_dataset/test/rgb/test/37864.png,967.0,201.625,982.625,240.75,Green,green
../new_dataset/test/rgb/test/33512.png,1143.75,192.875,1161.375,245.875,Red,red
../new_dataset/test/rgb/test/33512.png,691.625,333.0,695.5,345.125,Green,not_detected
../new_dataset/test/rgb/test/33512.png,448.0,338.375,452.5,350.0,Green,not_detected
../new_dataset/test/rgb/test/33508.png,1143.75,192.875,1161.375,245.875,Red,red
../new_dataset/test/rgb/test/33508.png,691.625,333.0,695.5,345.125,Green,not_detected
../new_dataset/test/rgb/test/33508.png,448.0,338.375,452.5,350.0,Green,not_detected
../new_dataset/test/rgb/test/39962.png,66.875,267.375,76.25,296.625,Red,red
../new_dataset/test/rgb/test/39962.png,523.75,256.25,542.5,295.125,Red,red
../new_dataset/test/rgb/test/39962.png,919.375,242.75,928.75,274.0,Red,not_detected
../new_dataset/test/rgb/test/29798.png,1100.875,178.125,1120.0,227.0,Green,green
../new_dataset/test/rgb/test/37384.png,44.875,222.0,57.5,260.875,Red,red
../new_dataset/test/rgb/test/37384.png,967.0,201.625,982.625,240.75,Red,red
../new_dataset/test/rgb/test/37602.png,44.875,222.0,57.5,260.875,Red,red
../new_dataset/test/rgb/test/37602.png,967.0,201.625,982.625,240.75,Red,red
../new_dataset/test/rgb/test/37224.png,64.75,222.625,80.625,260.625,Red,red
../new_dataset/test/rgb/test/37224.png,960.375,204.5,972.875,243.375,Red,red
../new_dataset/test/rgb/test/33480.png,1143.75,192.875,1161.375,245.875,Red,red
../new_dataset/test/rgb/test/33480.png,448.0,338.375,452.5,350.0,Green,not_detected
../new_dataset/test/rgb/test/29334.png,1202.125,90.625,1231.0,160.75,Green,green
../new_dataset/test/rgb/test/27666.png,1083.0,153.75,1104.375,211.75,Green,green
../new_dataset/test/rgb/test/33486.png,1143.75,192.875,1161.375,245.875,Red,red
../new_dataset/test/rgb/test/33486.png,448.0,338.375,452.5,350.0,Green,not_detected
../new_dataset/test/rgb/test/37690.png,44.875,222.0,57.5,260.875,Red,red
../new_dataset/test/rgb/test/37690.png,967.0,201.625,982.625,240.75,Red,red
../new_dataset/test/rgb/test/37328.png,44.875,222.0,57.5,260.875,Red,red
../new_dataset/test/rgb/test/37328.png,967.0,201.625,982.625,240.75,Red,red
../new_dataset/test/rgb/test/37526.png,44.875,222.0,57.5,260.875,Red,red
../new_dataset/test/rgb/test/37526.png,967.0,201.625,982.625,240.75,Red,red
../new_dataset/test/rgb/test/33166.png,1143.75,192.875,1161.375,245.875,Red,red
../new_dataset/test/rgb/test/33166.png,447.75,337.5,452.5,348.875,Red,not_detected
../new_dataset/test/rgb/test/33704.png,1143.75,192.875,1161.375,245.875,Red,red
../new_dataset/test/rgb/test/33704.png,691.625,333.0,695.5,345.125,Green,not_detected
../new_dataset/test/rgb/test/33704.png,448.0,338.375,452.5,350.0,Green,not_detected
../new_dataset/test/rgb/test/38032.png,1118.5,170.25,1137.375,224.5,Green,green
../new_dataset/test/rgb/test/38032.png,667.875,345.125,672.125,355.75,Green,not_detected
../new_dataset/test/rgb/test/31790.png,828.125,221.875,841.375,258.125,Green,green
../new_dataset/test/rgb/test/31790.png,31.375,233.375,47.875,273.875,Green,green
../new_dataset/test/rgb/test/33492.png,1143.75,192.875,1161.375,245.875,Red,red
../new_dataset/test/rgb/test/33492.png,691.625,333.0,695.5,345.125,Green,not_detected
../new_dataset/test/rgb/test/33664.png,1143.75,192.875,1161.375,245.875,Red,red
../new_dataset/test/rgb/test/33664.png,691.625,333.0,695.5,345.125,Green,not_detected
../new_dataset/test/rgb/test/33042.png,455.75,325.625,461.0,339.75,Red,not_detected
../new_dataset/test/rgb/test/33042.png,1084.125,205.375,1100.375,252.625,Green,green
../new_dataset/test/rgb/test/40448.png,134.625,0.125,172.375,16.625,Green,not_detected
../new_dataset/test/rgb/test/39402.png,1052.75,196.875,1071.125,244.75,Green,green
../new_dataset/test/rgb/test/39402.png,547.5,353.625,553.75,367.5,Red,red
../new_dataset/test/rgb/test/39402.png,411.375,364.25,417.5,377.125,Red,not_detected
../new_dataset/test/rgb/test/37502.png,44.875,222.0,57.5,260.875,Red,red
../new_dataset/test/rgb/test/37502.png,967.0,201.625,982.625,240.75,Red,red
../new_dataset/test/rgb/test/31948.png,1168.75,174.75,1188.375,236.5,Green,green
../new_dataset/test/rgb/test/33378.png,1143.75,192.875,1161.375,245.875,Red,red
../new_dataset/test/rgb/test/33378.png,448.0,338.375,452.5,350.0,Green,not_detected
../new_dataset/test/rgb/test/38410.png,513.875,339.875,517.875,350.0,off,not_detected
../new_dataset/test/rgb/test/38410.png,1020.375,207.0,1038.125,250.75,Green,green
../new_dataset/test/rgb/test/37926.png,22.0,224.375,34.375,262.375,Green,green
../new_dataset/test/rgb/test/37926.png,977.5,205.0,992.5,242.875,Green,green
../new_dataset/test/rgb/test/27138.png,757.125,144.5,778.25,203.625,Green,green
../new_dataset/test/rgb/test/27138.png,225.75,337.875,230.5,350.0,Green,not_detected
../new_dataset/test/rgb/test/33222.png,1143.75,192.875,1161.375,245.875,Red,red
../new_dataset/test/rgb/test/33222.png,691.75,332.875,695.25,344.0,Green,not_detected
../new_dataset/test/rgb/test/33222.png,447.75,337.5,452.5,348.875,Green,not_detected
../new_dataset/test/rgb/test/39860.png,115.0,276.25,122.625,303.75,Red,not_detected
../new_dataset/test/rgb/test/39860.png,531.875,262.5,551.375,301.375,Red,red
../new_dataset/test/rgb/test/39860.png,896.5,251.375,905.5,280.5,Red,not_detected
../new_dataset/test/rgb/test/37860.png,44.875,222.0,57.5,260.875,Green,green
../new_dataset/test/rgb/test/37860.png,967.0,201.625,982.625,240.75,Green,green
../new_dataset/test/rgb/test/37620.png,44.875,222.0,57.5,260.875,Red,red
../new_dataset/test/rgb/test/37620.png,967.0,201.625,982.625,240.75,Red,red
../new_dataset/test/rgb/test/27096.png,801.625,182.25,819.75,232.0,Green,green
../new_dataset/test/rgb/test/27096.png,304.75,342.25,308.125,353.625,Green,not_detected
../new_dataset/test/rgb/test/33088.png,448.375,332.0,453.25,343.25,Red,not_detected
../new_dataset/test/rgb/test/33088.png,1136.75,188.0,1154.875,242.125,Yellow,yellow
../new_dataset/test/rgb/test/37642.png,44.875,222.0,57.5,260.875,Red,red
../new_dataset/test/rgb/test/37642.png,967.0,201.625,982.625,240.75,Red,red
../new_dataset/test/rgb/test/29776.png,18.25,221.0,33.125,265.375,Green,green
../new_dataset/test/rgb/test/29776.png,1043.25,201.5,1059.0,245.25,Green,green
../new_dataset/test/rgb/test/39952.png,69.625,268.5,78.5,296.375,Red,red
../new_dataset/test/rgb/test/39952.png,525.375,258.125,541.625,296.25,Red,red
../new_dataset/test/rgb/test/39952.png,918.375,243.875,927.625,274.625,Red,not_detected
../new_dataset/test/rgb/test/33546.png,1143.75,192.875,1161.375,245.875,Red,red
../new_dataset/test/rgb/test/33546.png,448.0,338.375,452.5,350.0,Green,not_detected
../new_dataset/test/rgb/test/33052.png,453.625,330.25,458.625,342.875,Red,not_detected
../new_dataset/test/rgb/test/33052.png,1100.75,204.0,1118.125,252.875,Yellow,yellow
../new_dataset/test/rgb/test/30680.png,802.875,232.75,818.0,268.75,Green,green
../new_dataset/test/rgb/test/39854.png,121.375,278.0,129.625,304.75,Red,not_detected
../new_dataset/test/rgb/test/39854.png,534.125,265.375,551.375,301.5,Red,red
../new_dataset/test/rgb/test/39854.png,893.5,253.5,903.25,282.5,Red,not_detected
../new_dataset/test/rgb/test/37710.png,44.875,222.0,57.5,260.875,Red,red
../new_dataset/test/rgb/test/37710.png,967.0,201.625,982.625,240.75,Red,red
../new_dataset/test/rgb/test/37480.png,44.875,222.0,57.5,260.875,Red,red
../new_dataset/test/rgb/test/37480.png,967.0,201.625,982.625,240.75,Red,red
../new_dataset/test/rgb/test/33702.png,1143.75,192.875,1161.375,245.875,Red,red
../new_dataset/test/rgb/test/33702.png,691.625,333.0,695.5,345.125,Green,not_detected
../new_dataset/test/rgb/test/33702.png,448.0,338.375,452.5,350.0,Green,not_detected
../new_dataset/test/rgb/test/28178.png,1093.375,150.875,1116.0,206.75,Green,green
../new_dataset/test/rgb/test/28178.png,540.0,337.25,544.75,349.5,Red,not_detected
../new_dataset/test/rgb/test/33658.png,1143.75,192.875,1161.375,245.875,Red,red
../new_dataset/test/rgb/test/33658.png,691.625,333.0,695.5,345.125,Green,not_detected
../new_dataset/test/rgb/test/26550.png,1014.125,175.75,1030.0,223.125,Green,green
../new_dataset/test/rgb/test/27586.png,142.25,263.125,152.5,295.5,Green,green
../new_dataset/test/rgb/test/27586.png,887.625,248.25,903.0,281.875,Green,green
../new_dataset/test/rgb/test/27184.png,873.375,108.0,900.375,182.0,Green,green
../new_dataset/test/rgb/test/27184.png,288.125,352.875,292.25,364.625,Green,not_detected
../new_dataset/test/rgb/test/28768.png,1172.875,133.25,1197.375,194.25,Green,green
../new_dataset/test/rgb/test/33276.png,1143.75,192.875,1161.375,245.875,Red,red
../new_dataset/test/rgb/test/33276.png,691.625,333.0,695.5,345.125,Green,not_detected
../new_dataset/test/rgb/test/33276.png,447.75,337.5,452.5,348.875,Green,not_detected
../new_dataset/test/rgb/test/39836.png,140.75,284.5,149.625,310.25,Red,red
../new_dataset/test/rgb/test/39836.png,536.875,270.875,555.5,306.875,Red,red
../new_dataset/test/rgb/test/39836.png,884.625,261.25,893.25,287.25,Red,not_detected
../new_dataset/test/rgb/test/38050.png,1176.0,136.375,1195.75,196.75,Green,green
../new_dataset/test/rgb/test/38050.png,403.875,343.875,407.625,356.0,Green,not_detected
../new_dataset/test/rgb/test/38050.png,673.875,335.125,678.125,344.625,Green,not_detected
../new_dataset/test/rgb/test/27588.png,136.25,261.75,146.25,293.875,Green,green
../new_dataset/test/rgb/test/27588.png,889.875,246.875,905.375,280.625,Green,green
../new_dataset/test/rgb/test/39904.png,83.375,267.75,92.0,293.25,Red,not_detected
../new_dataset/test/rgb/test/39904.png,525.75,257.125,546.125,295.75,Red,red
../new_dataset/test/rgb/test/39904.png,911.0,244.5,921.25,274.625,Red,not_detected
../new_dataset/test/rgb/test/31880.png,873.625,197.5,889.5,245.5,Green,green
../new_dataset/test/rgb/test/40352.png,1125.625,158.375,1143.375,217.125,Green,green
../new_dataset/test/rgb/test/40352.png,464.75,221.625,480.625,267.375,Green,not_detected
../new_dataset/test/rgb/test/33560.png,1143.75,192.875,1161.375,245.875,Red,red
../new_dataset/test/rgb/test/33560.png,691.625,333.0,695.5,345.125,Green,not_detected
../new_dataset/test/rgb/test/33560.png,448.0,338.375,452.5,350.0,Green,not_detected
../new_dataset/test/rgb/test/39778.png,213.375,287.75,220.625,310.875,Red,not_detected
../new_dataset/test/rgb/test/39778.png,550.375,272.125,567.625,304.25,Red,red
../new_dataset/test/rgb/test/39778.png,851.375,267.25,859.125,288.25,Red,not_detected
../new_dataset/test/rgb/test/33332.png,1143.75,192.875,1161.375,245.875,Red,red
../new_dataset/test/rgb/test/33332.png,691.625,333.0,695.5,345.125,Green,not_detected
../new_dataset/test/rgb/test/33332.png,448.0,338.375,452.5,350.0,Green,not_detected
../new_dataset/test/rgb/test/37842.png,44.875,222.0,57.5,260.875,Green,not_detected
../new_dataset/test/rgb/test/37842.png,967.0,201.625,982.625,240.75,Green,green
../new_dataset/test/rgb/test/39750.png,249.0,294.75,256.0,315.875,Red,not_detected
../new_dataset/test/rgb/test/39750.png,559.375,282.625,575.25,312.75,Red,red
../new_dataset/test/rgb/test/38022.png,1091.375,181.125,1109.5,233.375,Green,green
../new_dataset/test/rgb/test/38022.png,663.75,348.5,668.125,359.5,off,not_detected
../new_dataset/test/rgb/test/33994.png,1183.75,180.75,1203.5,239.375,Green,green
../new_dataset/test/rgb/test/33994.png,688.125,339.625,692.25,349.625,Green,not_detected
../new_dataset/test/rgb/test/33994.png,440.125,346.5,444.25,355.5,Green,not_detected
../new_dataset/test/rgb/test/26542.png,1009.625,175.375,1024.875,222.25,Green,green
../new_dataset/test/rgb/test/33948.png,1143.75,192.875,1161.375,245.875,Green,green
../new_dataset/test/rgb/test/33948.png,691.625,333.0,695.5,345.125,Green,not_detected
../new_dataset/test/rgb/test/33948.png,448.0,338.375,452.5,350.0,Green,not_detected
../new_dataset/test/rgb/test/37744.png,44.875,222.0,57.5,260.875,Red,red
../new_dataset/test/rgb/test/37744.png,967.0,201.625,982.625,240.75,Red,red
../new_dataset/test/rgb/test/38038.png,1135.75,159.75,1155.875,214.75,Green,green
../new_dataset/test/rgb/test/38038.png,669.625,342.875,673.875,353.0,Green,not_detected
../new_dataset/test/rgb/test/34022.png,1251.625,142.875,1277.875,210.375,Green,green
../new_dataset/test/rgb/test/34022.png,676.5,335.125,681.5,345.375,Green,not_detected
../new_dataset/test/rgb/test/34022.png,422.5,344.0,427.5,353.375,Green,not_detected
../new_dataset/test/rgb/test/33066.png,451.0,331.75,456.375,344.0,Red,not_detected
../new_dataset/test/rgb/test/33066.png,1117.875,196.875,1136.5,249.0,Yellow,yellow
../new_dataset/test/rgb/test/39394.png,1040.625,195.875,1058.125,242.75,Green,green
../new_dataset/test/rgb/test/39394.png,551.875,344.25,557.75,358.25,Red,red
../new_dataset/test/rgb/test/39394.png,417.125,353.0,422.5,365.25,Red,not_detected
../new_dataset/test/rgb/test/37424.png,44.875,222.0,57.5,260.875,Red,red
../new_dataset/test/rgb/test/37424.png,967.0,201.625,982.625,240.75,Red,red
../new_dataset/test/rgb/test/37296.png,45.875,221.0,58.125,259.0,Red,red
../new_dataset/test/rgb/test/37296.png,967.0,201.625,982.625,240.75,Red,red
../new_dataset/test/rgb/test/39758.png,239.125,295.0,245.375,315.5,Red,not_detected
../new_dataset/test/rgb/test/39758.png,556.375,280.5,572.0,310.75,Red,red
../new_dataset/test/rgb/test/33340.png,1143.75,192.875,1161.375,245.875,Red,red
../new_dataset/test/rgb/test/33340.png,691.625,333.0,695.5,345.125,Green,not_detected
../new_dataset/test/rgb/test/33340.png,448.0,338.375,452.5,350.0,Green,not_detected
../new_dataset/test/rgb/test/29326.png,1142.375,112.5,1170.25,178.5,Green,green
../new_dataset/test/rgb/test/38068.png,1252.125,117.375,1278.25,186.375,Green,green
../new_dataset/test/rgb/test/38068.png,404.0,349.375,408.625,360.875,Green,not_detected
../new_dataset/test/rgb/test/38068.png,681.125,340.625,684.625,351.125,Green,not_detected
../new_dataset/test/rgb/test/33736.png,1143.75,192.875,1161.375,245.875,Red,red
../new_dataset/test/rgb/test/33736.png,691.625,333.0,695.5,345.125,Green,not_detected
../new_dataset/test/rgb/test/33736.png,448.0,338.375,452.5,350.0,Green,not_detected
../new_dataset/test/rgb/test/37462.png,44.875,222.0,57.5,260.875,Red,red
../new_dataset/test/rgb/test/37462.png,967.0,201.625,982.625,240.75,Red,red
../new_dataset/test/rgb/test/33758.png,1143.75,192.875,1161.375,245.875,Red,red
../new_dataset/test/rgb/test/33758.png,691.625,333.0,695.5,345.125,Green,not_detected
../new_dataset/test/rgb/test/33758.png,448.0,338.375,452.5,350.0,Green,not_detected
../new_dataset/test/rgb/test/37676.png,44.875,222.0,57.5,260.875,Red,red
../new_dataset/test/rgb/test/37676.png,967.0,201.625,982.625,240.75,Red,red
../new_dataset/test/rgb/test/37456.png,44.875,222.0,57.5,260.875,Red,red
../new_dataset/test/rgb/test/37456.png,967.0,201.625,982.625,240.75,Red,red
../new_dataset/test/rgb/test/37304.png,45.625,220.25,59.375,258.875,Red,red
../new_dataset/test/rgb/test/37304.png,967.0,201.625,982.625,240.75,Red,red
../new_dataset/test/rgb/test/27660.png,1058.375,168.625,1078.375,222.75,Green,green
../new_dataset/test/rgb/test/35398.png,30.875,221.375,43.125,261.375,Green,green
../new_dataset/test/rgb/test/35398.png,1009.5,208.375,1025.875,252.0,Green,green
../new_dataset/test/rgb/test/40370.png,1214.375,107.375,1231.875,177.5,Green,green
../new_dataset/test/rgb/test/40370.png,448.0,190.75,463.125,241.0,Green,not_detected
../new_dataset/test/rgb/test/33304.png,1143.75,192.875,1161.375,245.875,Red,red
../new_dataset/test/rgb/test/33304.png,691.625,333.0,695.5,345.125,Green,not_detected
../new_dataset/test/rgb/test/33304.png,448.0,338.375,452.5,350.0,Green,not_detected
../new_dataset/test/rgb/test/32012.png,891.125,12.625,933.375,107.25,off,off
../new_dataset/test/rgb/test/33374.png,1143.75,192.875,1161.375,245.875,Red,red
../new_dataset/test/rgb/test/33374.png,448.0,338.375,452.5,350.0,Green,not_detected
../new_dataset/test/rgb/test/39916.png,79.125,267.375,87.5,295.125,Red,not_detected
../new_dataset/test/rgb/test/39916.png,525.375,257.375,544.875,295.5,Red,red
../new_dataset/test/rgb/test/39916.png,913.5,245.375,924.0,277.25,Red,not_detected
../new_dataset/test/rgb/test/33980.png,1161.5,194.625,1180.375,250.375,Green,green
../new_dataset/test/rgb/test/33980.png,689.5,341.25,694.375,353.5,Green,not_detected
../new_dataset/test/rgb/test/33980.png,444.375,347.875,448.875,359.25,Green,not_detected
../new_dataset/test/rgb/test/30750.png,531.5,183.75,549.375,235.125,Green,green
../new_dataset/test/rgb/test/29330.png,1170.625,103.875,1201.0,171.5,Green,green
../new_dataset/test/rgb/test/33556.png,1143.75,192.875,1161.375,245.875,Red,red
../new_dataset/test/rgb/test/33556.png,691.625,333.0,695.5,345.125,Green,not_detected
../new_dataset/test/rgb/test/33556.png,448.0,338.375,452.5,350.0,Green,not_detected
../new_dataset/test/rgb/test/27678.png,1139.375,131.875,1163.25,194.25,Green,green
../new_dataset/test/rgb/test/37432.png,44.875,222.0,57.5,260.875,Red,red
../new_dataset/test/rgb/test/37432.png,967.0,201.625,982.625,240.75,Red,red
../new_dataset/test/rgb/test/33510.png,1143.75,192.875,1161.375,245.875,Red,red
../new_dataset/test/rgb/test/33510.png,691.625,333.0,695.5,345.125,Green,not_detected
../new_dataset/test/rgb/test/33510.png,448.0,338.375,452.5,350.0,Green,not_detected
../new_dataset/test/rgb/test/38004.png,1058.125,181.25,1075.375,229.125,Green,green
../new_dataset/test/rgb/test/37674.png,44.875,222.0,57.5,260.875,Red,red
../new_dataset/test/rgb/test/37674.png,967.0,201.625,982.625,240.75,Red,red
../new_dataset/test/rgb/test/33306.png,1143.75,192.875,1161.375,245.875,Red,red
../new_dataset/test/rgb/test/33306.png,691.625,333.0,695.5,345.125,Green,not_detected
../new_dataset/test/rgb/test/33306.png,448.0,338.375,452.5,350.0,Green,not_detected
../new_dataset/test/rgb/test/33348.png,1143.75,192.875,1161.375,245.875,Red,red
../new_dataset/test/rgb/test/33348.png,691.625,333.0,695.5,345.125,Green,not_detected
../new_dataset/test/rgb/test/33348.png,448.0,338.375,452.5,350.0,Green,not_detected
../new_dataset/test/rgb/test/33384.png,1143.75,192.875,1161.375,245.875,Red,red
../new_dataset/test/rgb/test/27198.png,972.5,77.625,1004.0,157.125,Green,green
../new_dataset/test/rgb/test/27198.png,356.625,351.375,360.625,363.375,Green,not_detected
../new_dataset/test/rgb/test/31962.png,8.875,171.125,28.5,237.5,Green,green
../new_dataset/test/rgb/test/33900.png,1143.75,192.875,1161.375,245.875,Red,red
../new_dataset/test/rgb/test/33900.png,691.625,333.0,695.5,345.125,Green,not_detected
../new_dataset/test/rgb/test/33900.png,448.0,338.375,452.5,350.0,Green,not_detected
../new_dataset/test/rgb/test/33892.png,1143.75,192.875,1161.375,245.875,Red,red
../new_dataset/test/rgb/test/33892.png,691.625,333.0,695.5,345.125,Green,not_detected
../new_dataset/test/rgb/test/33892.png,448.0,338.375,452.5,350.0,Green,not_detected
../new_dataset/test/rgb/test/37576.png,44.875,222.0,57.5,260.875,Red,red
../new_dataset/test/rgb/test/37576.png,967.0,201.625,982.625,240.75,Red,red
../new_dataset/test/rgb/test/29242.png,873.0,215.75,888.5,253.0,Green,green
../new_dataset/test/rgb/test/29242.png,6.625,277.0,21.875,317.625,Green,green
../new_dataset/test/rgb/test/34416.png,1086.875,148.0,1104.0,201.375,Green,green
../new_dataset/test/rgb/test/34416.png,497.0,334.0,501.5,344.75,Red,not_detected
../new_dataset/test/rgb/test/37608.png,44.875,222.0,57.5,260.875,Red,red
../new_dataset/test/rgb/test/37608.png,967.0,201.625,982.625,240.75,Red,red
../new_dataset/test/rgb/test/37350.png,44.875,222.0,57.5,260.875,Red,not_detected
../new_dataset/test/rgb/test/37350.png,967.0,201.625,982.625,240.75,Red,red
../new_dataset/test/rgb/test/39970.png,65.0,266.875,74.75,294.375,off,not_detected
../new_dataset/test/rgb/test/39970.png,523.25,256.0,542.0,296.375,Red,red
../new_dataset/test/rgb/test/39970.png,919.125,241.75,929.875,273.875,Red,not_detected
../new_dataset/test/rgb/test/31974.png,167.25,156.625,187.25,228.125,Green,green
../new_dataset/test/rgb/test/39826.png,151.875,284.875,161.75,311.75,Red,not_detected
../new_dataset/test/rgb/test/39826.png,540.75,270.875,557.875,306.25,Red,red
../new_dataset/test/rgb/test/39826.png,880.25,260.5,887.75,287.375,Red,not_detected
../new_dataset/test/rgb/test/33582.png,1143.75,192.875,1161.375,245.875,Red,red
../new_dataset/test/rgb/test/33582.png,691.625,333.0,695.5,345.125,Green,not_detected
../new_dataset/test/rgb/test/39446.png,1179.0,114.75,1204.25,180.125,Green,green
../new_dataset/test/rgb/test/39446.png,524.375,333.0,530.875,347.25,Red,red
../new_dataset/test/rgb/test/39446.png,379.25,341.75,385.5,356.375,Red,not_detected
../new_dataset/test/rgb/test/39940.png,71.75,267.375,80.625,295.125,off,not_detected
../new_dataset/test/rgb/test/39940.png,523.875,257.0,542.375,296.375,Red,red
../new_dataset/test/rgb/test/39940.png,917.375,244.125,926.875,275.5,Red,not_detected
../new_dataset/test/rgb/test/29340.png,1254.5,63.5,1278.875,134.875,Green,green
../new_dataset/test/rgb/test/28162.png,1010.0,177.375,1031.125,225.375,Green,green
../new_dataset/test/rgb/test/28162.png,520.625,340.375,526.125,353.25,Red,not_detected
../new_dataset/test/rgb/test/31984.png,331.25,128.625,354.0,205.5,Green,green
../new_dataset/test/rgb/test/31942.png,1091.125,181.625,1109.625,241.625,Green,green
../new_dataset/test/rgb/test/37202.png,76.625,228.0,93.0,271.25,Red,red
../new_dataset/test/rgb/test/37202.png,955.375,212.0,967.75,248.75,Red,red
../new_dataset/test/rgb/test/34020.png,1247.125,145.125,1270.625,212.75,Green,green
../new_dataset/test/rgb/test/34020.png,678.875,335.0,683.375,345.5,Green,not_detected
../new_dataset/test/rgb/test/34020.png,424.5,343.75,429.25,353.625,Green,not_detected
../new_dataset/test/rgb/test/37844.png,44.875,222.0,57.5,260.875,Green,green
../new_dataset/test/rgb/test/37844.png,967.0,201.625,982.625,240.75,Green,green
../new_dataset/test/rgb/test/33710.png,1143.75,192.875,1161.375,245.875,Red,red
../new_dataset/test/rgb/test/33710.png,691.625,333.0,695.5,345.125,Green,not_detected
../new_dataset/test/rgb/test/33710.png,448.0,338.375,452.5,350.0,Green,not_detected
../new_dataset/test/rgb/test/37212.png,72.125,225.375,87.625,267.875,Red,red
../new_dataset/test/rgb/test/37212.png,957.75,208.0,969.75,246.625,Red,not_detected
../new_dataset/test/rgb/test/33330.png,1143.75,192.875,1161.375,245.875,Red,red
../new_dataset/test/rgb/test/33330.png,691.625,333.0,695.5,345.125,Green,not_detected
../new_dataset/test/rgb/test/33330.png,448.0,338.375,452.5,350.0,Green,not_detected
../new_dataset/test/rgb/test/33600.png,1143.75,192.875,1161.375,245.875,Red,red
../new_dataset/test/rgb/test/33600.png,691.625,333.0,695.5,345.125,Green,not_detected
../new_dataset/test/rgb/test/33600.png,448.0,338.375,452.5,350.0,Green,not_detected
../new_dataset/test/rgb/test/37554.png,44.875,222.0,57.5,260.875,Red,red
../new_dataset/test/rgb/test/37554.png,967.0,201.625,982.625,240.75,Red,red
../new_dataset/test/rgb/test/28192.png,1184.0,116.0,1210.125,181.125,Green,green
../new_dataset/test/rgb/test/28192.png,559.25,337.375,564.25,351.25,Red,not_detected
../new_dataset/test/rgb/test/33536.png,1143.75,192.875,1161.375,245.875,Red,red
../new_dataset/test/rgb/test/33536.png,691.625,333.0,695.5,345.125,Green,not_detected
../new_dataset/test/rgb/test/33536.png,448.0,338.375,452.5,350.0,Green,not_detected
../new_dataset/test/rgb/test/30684.png,782.375,236.75,799.625,272.875,Green,green
../new_dataset/test/rgb/test/34384.png,964.75,193.0,979.875,233.25,Green,green
../new_dataset/test/rgb/test/34384.png,27.5,241.25,43.75,286.125,Green,green
../new_dataset/test/rgb/test/34384.png,493.25,332.5,498.125,343.875,Red,not_detected
../new_dataset/test/rgb/test/33102.png,447.375,334.0,452.5,346.875,Red,not_detected
../new_dataset/test/rgb/test/33102.png,1142.0,188.875,1160.5,243.375,Yellow,yellow
../new_dataset/test/rgb/test/37562.png,44.875,222.0,57.5,260.875,Red,red
../new_dataset/test/rgb/test/37562.png,967.0,201.625,982.625,240.75,Red,red
../new_dataset/test/rgb/test/27092.png,811.125,189.5,829.625,239.25,Green,green
../new_dataset/test/rgb/test/27092.png,318.125,347.125,321.125,358.0,Green,not_detected
../new_dataset/test/rgb/test/38424.png,529.375,340.625,533.875,350.875,off,not_detected
../new_dataset/test/rgb/test/38424.png,1102.75,183.125,1124.625,234.5,Green,green
../new_dataset/test/rgb/test/37216.png,68.375,223.875,84.625,268.0,Red,red
../new_dataset/test/rgb/test/37216.png,957.625,206.0,969.625,244.5,Red,not_detected
../new_dataset/test/rgb/test/37816.png,44.875,222.0,57.5,260.875,Red,red
../new_dataset/test/rgb/test/37816.png,967.0,201.625,982.625,240.75,Red,red
../new_dataset/test/rgb/test/33918.png,1143.75,192.875,1161.375,245.875,Green,green
../new_dataset/test/rgb/test/33918.png,691.625,333.0,695.5,345.125,Green,not_detected
../new_dataset/test/rgb/test/33918.png,448.0,338.375,452.5,350.0,Green,not_detected
../new_dataset/test/rgb/test/38422.png,527.125,338.5,530.75,347.5,off,not_detected
../new_dataset/test/rgb/test/38422.png,1089.625,184.75,1109.25,234.625,Green,green
../new_dataset/test/rgb/test/31972.png,137.125,159.5,157.375,230.625,Green,green
../new_dataset/test/rgb/test/37218.png,67.75,224.0,83.75,266.125,Red,red
../new_dataset/test/rgb/test/37218.png,958.75,205.375,971.375,243.375,Red,red
../new_dataset/test/rgb/test/37556.png,44.875,222.0,57.5,260.875,Red,red
../new_dataset/test/rgb/test/37556.png,967.0,201.625,982.625,240.75,Red,red
../new_dataset/test/rgb/test/28146.png,951.375,199.875,969.0,243.125,Green,green
../new_dataset/test/rgb/test/28146.png,507.0,343.25,511.875,355.375,Red,not_detected
../new_dataset/test/rgb/test/25040.png,1219.125,163.25,1241.5,221.125,Green,green
../new_dataset/test/rgb/test/29796.png,1094.0,181.125,1114.0,229.875,Green,green
../new_dataset/test/rgb/test/34394.png,994.0,175.375,1010.0,220.375,Green,green
../new_dataset/test/rgb/test/34394.png,492.125,328.125,496.375,339.5,Red,not_detected
../new_dataset/test/rgb/test/28198.png,1227.0,82.25,1255.0,151.25,Green,green
../new_dataset/test/rgb/test/28198.png,566.875,332.25,572.625,345.25,Red,not_detected
../new_dataset/test/rgb/test/27668.png,1090.5,148.25,1113.375,206.375,Green,green
../new_dataset/test/rgb/test/37522.png,44.875,222.0,57.5,260.875,Red,red
../new_dataset/test/rgb/test/37522.png,967.0,201.625,982.625,240.75,Red,red
../new_dataset/test/rgb/test/33792.png,1143.75,192.875,1161.375,245.875,Red,red
../new_dataset/test/rgb/test/33792.png,691.625,333.0,695.5,345.125,Green,not_detected
../new_dataset/test/rgb/test/33792.png,448.0,338.375,452.5,350.0,Green,not_detected
../new_dataset/test/rgb/test/36674.png,1124.875,132.75,1145.5,190.625,Green,green
../new_dataset/test/rgb/test/34418.png,1097.0,144.625,1113.625,197.125,Green,green
../new_dataset/test/rgb/test/34418.png,497.625,334.75,501.875,345.5,Red,not_detected
../new_dataset/test/rgb/test/39974.png,65.5,266.75,74.625,296.25,off,not_detected
../new_dataset/test/rgb/test/39974.png,523.875,257.125,540.375,295.125,Red,red
../new_dataset/test/rgb/test/39974.png,919.625,241.75,930.5,273.375,Red,not_detected
../new_dataset/test/rgb/test/33096.png,447.875,333.875,452.625,345.25,Red,not_detected
../new_dataset/test/rgb/test/33096.png,1140.375,188.75,1158.125,243.875,Yellow,yellow
../new_dataset/test/rgb/test/36690.png,1145.5,130.625,1165.25,190.375,Green,green
../new_dataset/test/rgb/test/37280.png,48.25,221.375,63.0,259.5,Red,red
../new_dataset/test/rgb/test/37280.png,966.5,202.5,981.625,241.375,Red,red
../new_dataset/test/rgb/test/33812.png,1143.75,192.875,1161.375,245.875,Red,red
../new_dataset/test/rgb/test/33812.png,691.625,333.0,695.5,345.125,Green,not_detected
../new_dataset/test/rgb/test/33812.png,448.0,338.375,452.5,350.0,Green,not_detected
../new_dataset/test/rgb/test/30812.png,405.5,138.5,428.5,204.5,Green,green
../new_dataset/test/rgb/test/37454.png,44.875,222.0,57.5,260.875,Red,red
../new_dataset/test/rgb/test/37454.png,967.0,201.625,982.625,240.75,Red,red
../new_dataset/test/rgb/test/33452.png,1143.75,192.875,1161.375,245.875,Red,red
../new_dataset/test/rgb/test/33452.png,691.625,333.0,695.5,345.125,Green,not_detected
../new_dataset/test/rgb/test/33452.png,448.0,338.375,452.5,350.0,Green,not_detected
../new_dataset/test/rgb/test/39864.png,110.875,275.625,119.25,303.0,Red,not_detected
../new_dataset/test/rgb/test/39864.png,531.0,261.0,550.75,299.0,Red,red
../new_dataset/test/rgb/test/39864.png,898.125,250.25,907.5,278.875,Red,not_detected
../new_dataset/test/rgb/test/26578.png,1053.0,170.5,1072.5,223.375,Green,green
../new_dataset/test/rgb/test/26578.png,362.875,360.5,366.125,369.875,off,not_detected
../new_dataset/test/rgb/test/40372.png,1226.625,100.0,1245.125,173.375,Green,green
../new_dataset/test/rgb/test/40372.png,445.375,187.125,462.0,238.5,Green,not_detected
../new_dataset/test/rgb/test/30782.png,505.5,170.0,525.5,227.5,Green,green
../new_dataset/test/rgb/test/36612.png,1041.25,157.625,1057.25,204.0,Green,green
../new_dataset/test/rgb/test/36612.png,489.75,328.75,494.375,340.625,Green,not_detected
../new_dataset/test/rgb/test/37436.png,44.875,222.0,57.5,260.875,Red,red
../new_dataset/test/rgb/test/37436.png,967.0,201.625,982.625,240.75,Red,red
../new_dataset/test/rgb/test/26622.png,1254.25,88.5,1278.5,158.375,Green,green
../new_dataset/test/rgb/test/26622.png,377.0,340.25,380.625,352.25,off,not_detected
../new_dataset/test/rgb/test/38416.png,520.625,332.25,524.375,341.625,off,not_detected
../new_dataset/test/rgb/test/38416.png,1053.0,189.5,1071.75,236.5,Green,green
../new_dataset/test/rgb/test/27122.png,756.625,156.5,776.5,212.75,Green,green
../new_dataset/test/rgb/test/27122.png,238.875,337.75,243.0,349.125,Green,not_detected
../new_dataset/test/rgb/test/28706.png,998.75,193.875,1014.375,236.125,Green,green
../new_dataset/test/rgb/test/39850.png,124.75,279.0,132.75,306.375,Red,not_detected
../new_dataset/test/rgb/test/39850.png,534.5,265.75,553.375,302.875,Red,red
../new_dataset/test/rgb/test/39850.png,891.625,255.0,901.375,283.375,Red,not_detected
../new_dataset/test/rgb/test/26592.png,1095.875,159.75,1117.625,216.75,Green,green
../new_dataset/test/rgb/test/26592.png,367.625,368.875,371.125,379.5,off,not_detected
../new_dataset/test/rgb/test/33776.png,1143.75,192.875,1161.375,245.875,Red,red
../new_dataset/test/rgb/test/33776.png,691.625,333.0,695.5,345.125,Green,not_detected
../new_dataset/test/rgb/test/33776.png,448.0,338.375,452.5,350.0,Green,not_detected
../new_dataset/test/rgb/test/33520.png,1143.75,192.875,1161.375,245.875,Red,red
../new_dataset/test/rgb/test/33520.png,691.625,333.0,695.5,345.125,Green,not_detected
../new_dataset/test/rgb/test/33520.png,448.0,338.375,452.5,350.0,Green,not_detected
../new_dataset/test/rgb/test/36618.png,1053.875,156.125,1070.0,205.0,Green,green
../new_dataset/test/rgb/test/36618.png,490.125,332.125,494.125,343.5,Green,not_detected
../new_dataset/test/rgb/test/39440.png,1154.375,125.0,1179.75,187.375,Green,green
../new_dataset/test/rgb/test/39440.png,528.5,333.875,534.625,348.625,Red,not_detected
../new_dataset/test/rgb/test/39440.png,385.5,343.75,390.375,358.125,Red,not_detected
../new_dataset/test/rgb/test/37386.png,44.875,222.0,57.5,260.875,Red,red
../new_dataset/test/rgb/test/37386.png,967.0,201.625,982.625,240.75,Red,red
../new_dataset/test/rgb/test/37784.png,44.875,222.0,57.5,260.875,Red,red
../new_dataset/test/rgb/test/37784.png,967.0,201.625,982.625,240.75,Red,red
../new_dataset/test/rgb/test/29826.png,1222.375,113.0,1248.0,176.0,Green,green
../new_dataset/test/rgb/test/38400.png,502.75,343.0,506.125,352.625,off,not_detected
../new_dataset/test/rgb/test/38400.png,974.0,221.75,989.125,263.625,Green,green
../new_dataset/test/rgb/test/36578.png,29.5,248.75,46.5,288.375,Green,green
../new_dataset/test/rgb/test/36578.png,971.75,196.5,986.75,238.625,Green,green
../new_dataset/test/rgb/test/36578.png,487.25,338.25,492.0,349.125,Green,not_detected
../new_dataset/test/rgb/test/37788.png,44.875,222.0,57.5,260.875,Red,red
../new_dataset/test/rgb/test/37788.png,967.0,201.625,982.625,240.75,Red,red
../new_dataset/test/rgb/test/37604.png,44.875,222.0,57.5,260.875,Red,red
../new_dataset/test/rgb/test/37604.png,967.0,201.625,982.625,240.75,Red,red
../new_dataset/test/rgb/test/38412.png,516.0,338.125,520.0,347.375,off,not_detected
../new_dataset/test/rgb/test/38412.png,1030.5,202.5,1048.875,247.25,Green,green
../new_dataset/test/rgb/test/37688.png,44.875,222.0,57.5,260.875,Red,red
../new_dataset/test/rgb/test/37688.png,967.0,201.625,982.625,240.75,Red,red
../new_dataset/test/rgb/test/35472.png,1211.125,110.75,1244.125,185.0,Green,green
../new_dataset/test/rgb/test/33942.png,1143.75,192.875,1161.375,245.875,Green,green
../new_dataset/test/rgb/test/33942.png,691.625,333.0,695.5,345.125,Green,not_detected
../new_dataset/test/rgb/test/33942.png,448.0,338.375,452.5,350.0,Green,not_detected
../new_dataset/test/rgb/test/39878.png,99.25,273.25,107.75,299.125,Red,not_detected
../new_dataset/test/rgb/test/39878.png,529.0,258.625,549.0,297.375,Red,red
../new_dataset/test/rgb/test/39878.png,902.875,247.5,912.25,275.875,Red,not_detected
../new_dataset/test/rgb/test/31946.png,1140.625,176.875,1158.75,238.0,Green,green
../new_dataset/test/rgb/test/33996.png,1189.5,180.25,1209.75,240.625,Green,green
../new_dataset/test/rgb/test/33996.png,688.625,340.625,692.375,350.125,Green,not_detected
../new_dataset/test/rgb/test/33996.png,440.0,345.5,444.375,355.5,Green,not_detected
../new_dataset/test/rgb/test/37830.png,44.875,222.0,57.5,260.875,off,off
../new_dataset/test/rgb/test/37830.png,967.0,201.625,982.625,240.75,off,not_detected
../new_dataset/test/rgb/test/33362.png,1143.75,192.875,1161.375,245.875,Red,red
../new_dataset/test/rgb/test/33362.png,691.625,333.0,695.5,345.125,Green,not_detected
../new_dataset/test/rgb/test/33362.png,448.0,338.375,452.5,350.0,Green,not_detected
../new_dataset/test/rgb/test/31798.png,833.875,217.25,846.75,255.625,Green,green
../new_dataset/test/rgb/test/31798.png,6.0,231.25,22.75,271.625,Green,green
../new_dataset/test/rgb/test/37570.png,44.875,222.0,57.5,260.875,Red,red
../new_dataset/test/rgb/test/37570.png,967.0,201.625,982.625,240.75,Red,red
../new_dataset/test/rgb/test/33450.png,1143.75,192.875,1161.375,245.875,Red,red
../new_dataset/test/rgb/test/33450.png,691.625,333.0,695.5,345.125,Green,not_detected
../new_dataset/test/rgb/test/33450.png,448.0,338.375,452.5,350.0,Green,not_detected
../new_dataset/test/rgb/test/33884.png,1143.75,192.875,1161.375,245.875,Red,red
../new_dataset/test/rgb/test/33884.png,691.625,333.0,695.5,345.125,Green,not_detected
../new_dataset/test/rgb/test/33884.png,448.0,338.375,452.5,350.0,Green,not_detected
../new_dataset/test/rgb/test/30686.png,769.5,237.875,787.625,277.375,Green,green
../new_dataset/test/rgb/test/39428.png,1114.75,131.625,1136.375,188.5,Green,green
../new_dataset/test/rgb/test/39428.png,534.5,322.125,541.5,335.75,Red,red
../new_dataset/test/rgb/test/39428.png,394.0,332.625,399.75,344.625,Red,not_detected
../new_dataset/test/rgb/test/24996.png,1057.0,191.375,1074.75,237.125,Green,green
../new_dataset/test/rgb/test/24996.png,735.875,329.625,739.125,339.125,Green,not_detected
../new_dataset/test/rgb/test/39932.png,73.25,266.75,82.5,294.375,Red,not_detected
../new_dataset/test/rgb/test/39932.png,524.25,258.25,543.375,296.25,Red,red
../new_dataset/test/rgb/test/39932.png,915.75,244.75,925.875,275.5,Red,not_detected
../new_dataset/test/rgb/test/39768.png,225.375,290.25,233.5,313.875,Red,red
../new_dataset/test/rgb/test/39768.png,553.375,276.875,569.0,309.5,Red,red
../new_dataset/test/rgb/test/39768.png,846.875,273.25,852.75,292.25,Red,not_detected
../new_dataset/test/rgb/test/33544.png,1143.75,192.875,1161.375,245.875,Red,red
../new_dataset/test/rgb/test/33544.png,448.0,338.375,452.5,350.0,Green,not_detected
../new_dataset/test/rgb/test/27082.png,836.125,187.375,854.5,235.0,Green,green
../new_dataset/test/rgb/test/27082.png,352.625,338.0,356.125,349.125,Green,not_detected
../new_dataset/test/rgb/test/38040.png,1139.75,155.75,1161.625,211.375,Green,green
../new_dataset/test/rgb/test/38040.png,670.25,340.5,674.25,350.75,Green,not_detected
../new_dataset/test/rgb/test/33484.png,1143.75,192.875,1161.375,245.875,Red,red
../new_dataset/test/rgb/test/33484.png,448.0,338.375,452.5,350.0,Green,not_detected
../new_dataset/test/rgb/test/34412.png,1067.0,153.25,1083.375,203.625,Green,green
../new_dataset/test/rgb/test/34412.png,495.875,333.0,500.375,343.5,Red,not_detected
../new_dataset/test/rgb/test/37722.png,44.875,222.0,57.5,260.875,Red,red
../new_dataset/test/rgb/test/37722.png,967.0,201.625,982.625,240.75,Red,red
../new_dataset/test/rgb/test/33382.png,1143.75,192.875,1161.375,245.875,Red,red
../new_dataset/test/rgb/test/31864.png,869.0,192.125,884.875,238.125,Green,green
../new_dataset/test/rgb/test/26568.png,1030.25,173.625,1048.375,223.125,Green,green
../new_dataset/test/rgb/test/26568.png,360.125,356.0,363.625,365.625,off,not_detected
../new_dataset/test/rgb/test/27060.png,869.875,194.5,885.5,237.25,Green,green
../new_dataset/test/rgb/test/35396.png,38.25,220.625,50.5,259.125,Green,not_detected
../new_dataset/test/rgb/test/35396.png,1006.75,208.375,1023.875,253.375,Green,green
../new_dataset/test/rgb/test/33654.png,1143.75,192.875,1161.375,245.875,Red,red
../new_dataset/test/rgb/test/25038.png,1208.875,165.375,1231.375,222.75,Green,green
../new_dataset/test/rgb/test/34440.png,1248.625,81.25,1271.875,150.375,Green,green
../new_dataset/test/rgb/test/34440.png,517.0,333.875,522.125,344.75,Red,not_detected
../new_dataset/test/rgb/test/33922.png,1143.75,192.875,1161.375,245.875,Green,green
../new_dataset/test/rgb/test/33922.png,691.625,333.0,695.5,345.125,Green,not_detected
../new_dataset/test/rgb/test/33922.png,448.0,338.375,452.5,350.0,Green,not_detected
../new_dataset/test/rgb/test/33730.png,1143.75,192.875,1161.375,245.875,Red,red
../new_dataset/test/rgb/test/33730.png,691.625,333.0,695.5,345.125,Green,not_detected
../new_dataset/test/rgb/test/33730.png,448.0,338.375,452.5,350.0,Green,not_detected
../new_dataset/test/rgb/test/33630.png,1143.75,192.875,1161.375,245.875,Red,red
../new_dataset/test/rgb/test/33630.png,691.625,333.0,695.5,345.125,Green,not_detected
